seqlen_q,batch_size,seqlen_k,split_kv,standard_ms,localized_ms,speedup,owner_work_counts,owner_tile_counts,resident_partition_clusters,correctness
1,2,512,32,0.016448000445961952,0.018464000895619392,0.8908145390019051,"[32, 32]","[32, 32]","[35, 39]","{'output_exact': True, 'lse_exact': True, 'output_max_abs': 0.0, 'lse_max_abs': 0.0}"
1,4,512,18,0.017487999983131886,0.018464000895619392,0.9471403344267025,"[36, 36]","[36, 36]","[35, 39]","{'output_exact': True, 'lse_exact': True, 'output_max_abs': 0.0, 'lse_max_abs': 0.0}"
1,8,512,9,0.018464000895619392,0.020479999482631683,0.9015625665068018,"[36, 36]","[36, 36]","[35, 39]","{'output_exact': True, 'lse_exact': True, 'output_max_abs': 0.0, 'lse_max_abs': 0.0}"
1,16,512,4,0.02051199972629547,0.02252800017595291,0.9105113443753706,"[32, 32]","[32, 32]","[35, 39]","{'output_exact': True, 'lse_exact': True, 'output_max_abs': 0.0, 'lse_max_abs': 0.0}"
1,32,512,2,0.026528000831604004,0.026655999943614006,0.9951981125344852,"[32, 32]","[32, 32]","[35, 39]","{'output_exact': True, 'lse_exact': True, 'output_max_abs': 0.0, 'lse_max_abs': 0.0}"
1,64,512,1,0.024608000181615353,0.024383999407291412,1.0091863836847437,"[32, 32]","[32, 32]","[35, 39]","{'output_exact': True, 'lse_exact': True, 'output_max_abs': 0.0, 'lse_max_abs': 0.0}"
1,2,1024,32,0.01825599931180477,0.018464000895619392,0.9887347501231994,"[32, 32]","[32, 32]","[35, 39]","{'output_exact': True, 'lse_exact': True, 'output_max_abs': 0.0, 'lse_max_abs': 0.0}"
1,4,1024,18,0.018464000895619392,0.02051199972629547,0.9001560619147905,"[36, 36]","[36, 36]","[35, 39]","{'output_exact': True, 'lse_exact': True, 'output_max_abs': 0.0, 'lse_max_abs': 0.0}"
1,8,1024,9,0.02051199972629547,0.020576000213623047,0.9968895564413339,"[36, 36]","[36, 36]","[35, 39]","{'output_exact': True, 'lse_exact': True, 'output_max_abs': 0.0, 'lse_max_abs': 0.0}"
1,16,1024,4,0.023584000766277313,0.024607999250292778,0.9583875765924659,"[32, 32]","[32, 32]","[35, 39]","{'output_exact': True, 'lse_exact': True, 'output_max_abs': 0.0, 'lse_max_abs': 0.0}"
1,32,1024,2,0.030719999223947525,0.0306560005992651,1.002087637768508,"[32, 32]","[32, 32]","[35, 39]","{'output_exact': True, 'lse_exact': True, 'output_max_abs': 0.0, 'lse_max_abs': 0.0}"
1,64,1024,1,0.03471999987959862,0.032575998455286026,1.0658153710086724,"[32, 32]","[32, 32]","[35, 39]","{'output_exact': True, 'lse_exact': True, 'output_max_abs': 0.0, 'lse_max_abs': 0.0}"
1,2,2048,32,0.018464000895619392,0.02051199972629547,0.9001560619147905,"[32, 32]","[32, 32]","[35, 39]","{'output_exact': True, 'lse_exact': True, 'output_max_abs': 0.0, 'lse_max_abs': 0.0}"
1,4,2048,18,0.02054399996995926,0.0225600004196167,0.910638279602847,"[36, 36]","[36, 36]","[35, 39]","{'output_exact': True, 'lse_exact': True, 'output_max_abs': 0.0, 'lse_max_abs': 0.0}"
1,8,2048,9,0.0225600004196167,0.024607999250292778,0.9167750774922625,"[36, 36]","[36, 36]","[35, 39]","{'output_exact': True, 'lse_exact': True, 'output_max_abs': 0.0, 'lse_max_abs': 0.0}"
1,16,2048,4,0.028672000393271446,0.02672000043094158,1.0730538896275414,"[32, 32]","[32, 32]","[35, 39]","{'output_exact': True, 'lse_exact': True, 'output_max_abs': 0.0, 'lse_max_abs': 0.0}"
1,32,2048,2,0.04092799872159958,0.03891199827194214,1.0518092243828838,"[32, 32]","[32, 32]","[35, 39]","{'output_exact': True, 'lse_exact': True, 'output_max_abs': 0.0, 'lse_max_abs': 0.0}"
1,64,2048,1,0.05124799907207489,0.04899200052022934,1.0460483043739768,"[32, 32]","[32, 32]","[35, 39]","{'output_exact': True, 'lse_exact': True, 'output_max_abs': 0.0, 'lse_max_abs': 0.0}"
1,2,4096,32,0.0225600004196167,0.0225600004196167,1.0,"[32, 32]","[32, 32]","[35, 39]","{'output_exact': True, 'lse_exact': True, 'output_max_abs': 0.0, 'lse_max_abs': 0.0}"
1,4,4096,18,0.02348800003528595,0.024607999250292778,0.9544863764170708,"[36, 36]","[36, 36]","[35, 39]","{'output_exact': True, 'lse_exact': True, 'output_max_abs': 0.0, 'lse_max_abs': 0.0}"
1,8,4096,9,0.02759999968111515,0.02672000043094158,1.0329341031429975,"[36, 36]","[36, 36]","[35, 39]","{'output_exact': True, 'lse_exact': True, 'output_max_abs': 0.0, 'lse_max_abs': 0.0}"
1,16,4096,4,0.036959998309612274,0.03683200106024742,1.003475164142059,"[32, 32]","[32, 32]","[35, 39]","{'output_exact': True, 'lse_exact': True, 'output_max_abs': 0.0, 'lse_max_abs': 0.0}"
1,32,4096,2,0.05734400078654289,0.055296000093221664,1.0370370495129588,"[32, 32]","[32, 32]","[35, 39]","{'output_exact': True, 'lse_exact': True, 'output_max_abs': 0.0, 'lse_max_abs': 0.0}"
1,64,4096,1,0.07995199784636497,0.07766400277614594,1.0294601744493368,"[32, 32]","[32, 32]","[35, 39]","{'output_exact': True, 'lse_exact': True, 'output_max_abs': 0.0, 'lse_max_abs': 0.0}"
1,2,8192,32,0.024607999250292778,0.024607999250292778,1.0,"[32, 32]","[32, 32]","[35, 39]","{'output_exact': True, 'lse_exact': True, 'output_max_abs': 0.0, 'lse_max_abs': 0.0}"
1,4,8192,18,0.028672000393271446,0.02864000014960766,1.0011173269377314,"[36, 36]","[36, 36]","[35, 39]","{'output_exact': True, 'lse_exact': True, 'output_max_abs': 0.0, 'lse_max_abs': 0.0}"
1,8,8192,9,0.036896001547575,0.03488000109791756,1.057798176209857,"[36, 36]","[36, 36]","[35, 39]","{'output_exact': True, 'lse_exact': True, 'output_max_abs': 0.0, 'lse_max_abs': 0.0}"
1,16,8192,4,0.055296000093221664,0.05321599915623665,1.0390860074031185,"[32, 32]","[32, 32]","[35, 39]","{'output_exact': True, 'lse_exact': True, 'output_max_abs': 0.0, 'lse_max_abs': 0.0}"
1,32,8192,2,0.08712000027298927,0.08396799862384796,1.0375381300114268,"[32, 32]","[32, 32]","[35, 39]","{'output_exact': True, 'lse_exact': True, 'output_max_abs': 0.0, 'lse_max_abs': 0.0}"
1,64,8192,1,0.14137599617242813,0.13494400680065155,1.0476641351051503,"[32, 32]","[32, 32]","[35, 39]","{'output_exact': True, 'lse_exact': True, 'output_max_abs': 0.0, 'lse_max_abs': 0.0}"
1,2,16384,32,0.028704000636935234,0.028704000636935234,1.0,"[32, 32]","[32, 32]","[35, 39]","{'output_exact': True, 'lse_exact': True, 'output_max_abs': 0.0, 'lse_max_abs': 0.0}"
1,4,16384,18,0.036928001791238785,0.036896001547575,1.0008673092563303,"[36, 36]","[36, 36]","[35, 39]","{'output_exact': True, 'lse_exact': True, 'output_max_abs': 0.0, 'lse_max_abs': 0.0}"
1,8,16384,9,0.05331199988722801,0.06345599889755249,0.8401412130206695,"[36, 36]","[36, 36]","[35, 39]","{'output_exact': True, 'lse_exact': True, 'output_max_abs': 0.0, 'lse_max_abs': 0.0}"
1,16,16384,4,0.08551999926567078,0.08195199817419052,1.0435376948820259,"[32, 32]","[32, 32]","[35, 39]","{'output_exact': True, 'lse_exact': True, 'output_max_abs': 0.0, 'lse_max_abs': 0.0}"
1,32,16384,2,0.14846400171518326,0.1403840035200119,1.0575564023861133,"[32, 32]","[32, 32]","[35, 39]","{'output_exact': True, 'lse_exact': True, 'output_max_abs': 0.0, 'lse_max_abs': 0.0}"
1,64,16384,1,0.27246400713920593,0.2558720111846924,1.0648449038161396,"[32, 32]","[32, 32]","[35, 39]","{'output_exact': True, 'lse_exact': True, 'output_max_abs': 0.0, 'lse_max_abs': 0.0}"
1,2,32768,32,0.03891199827194214,0.036896001547575,1.0546399783122202,"[32, 32]","[32, 32]","[35, 39]","{'output_exact': True, 'lse_exact': True, 'output_max_abs': 0.0, 'lse_max_abs': 0.0}"
1,4,32768,18,0.05532800033688545,0.055296000093221664,1.0005787081092636,"[36, 36]","[36, 36]","[35, 39]","{'output_exact': True, 'lse_exact': True, 'output_max_abs': 0.0, 'lse_max_abs': 0.0}"
1,8,32768,9,0.08390399813652039,0.10646399855613708,0.7880973782163451,"[36, 36]","[36, 36]","[35, 39]","{'output_exact': True, 'lse_exact': True, 'output_max_abs': 0.0, 'lse_max_abs': 0.0}"
1,16,32768,4,0.1464800015091896,0.13920000195503235,1.052298846637294,"[32, 32]","[32, 32]","[35, 39]","{'output_exact': True, 'lse_exact': True, 'output_max_abs': 0.0, 'lse_max_abs': 0.0}"
1,32,32768,2,0.27963200211524963,0.26311999559402466,1.0627546625027382,"[32, 32]","[32, 32]","[35, 39]","{'output_exact': True, 'lse_exact': True, 'output_max_abs': 0.0, 'lse_max_abs': 0.0}"
1,64,32768,1,0.5474559962749481,0.5098399817943573,1.0737800404515219,"[32, 32]","[32, 32]","[35, 39]","{'output_exact': True, 'lse_exact': True, 'output_max_abs': 0.0, 'lse_max_abs': 0.0}"
1,2,65536,32,0.05532800033688545,0.05329599976539612,1.0381266995728387,"[32, 32]","[32, 32]","[35, 39]","{'output_exact': True, 'lse_exact': True, 'output_max_abs': 0.0, 'lse_max_abs': 0.0}"
1,4,65536,18,0.08403199911117554,0.10043199732899666,0.836705445933752,"[36, 36]","[36, 36]","[35, 39]","{'output_exact': True, 'lse_exact': True, 'output_max_abs': 0.0, 'lse_max_abs': 0.0}"
1,8,65536,9,0.14022399485111237,0.19251200556755066,0.7283909096355504,"[36, 36]","[36, 36]","[35, 39]","{'output_exact': True, 'lse_exact': True, 'output_max_abs': 0.0, 'lse_max_abs': 0.0}"
1,16,65536,4,0.2794719934463501,0.2611519992351532,1.0701506948629589,"[32, 32]","[32, 32]","[35, 39]","{'output_exact': True, 'lse_exact': True, 'output_max_abs': 0.0, 'lse_max_abs': 0.0}"
1,32,65536,2,0.5521920025348663,0.5144320130348206,1.0734013213471805,"[32, 32]","[32, 32]","[35, 39]","{'output_exact': True, 'lse_exact': True, 'output_max_abs': 0.0, 'lse_max_abs': 0.0}"
1,64,65536,1,1.1253680288791656,1.025488018989563,1.0973975395519655,"[32, 32]","[32, 32]","[35, 39]","{'output_exact': True, 'lse_exact': True, 'output_max_abs': 0.0, 'lse_max_abs': 0.0}"
1,2,131072,32,0.08604799956083298,0.0820159986615181,1.0491611510573082,"[32, 32]","[32, 32]","[35, 39]","{'output_exact': True, 'lse_exact': True, 'output_max_abs': 0.0, 'lse_max_abs': 0.0}"
1,4,131072,18,0.14035199582576752,0.19151999801397324,0.7328320660045511,"[36, 36]","[36, 36]","[35, 39]","{'output_exact': True, 'lse_exact': True, 'output_max_abs': 0.0, 'lse_max_abs': 0.0}"
1,8,131072,9,0.26523199677467346,0.36451999843120575,0.7276198779659808,"[36, 36]","[36, 36]","[35, 39]","{'output_exact': True, 'lse_exact': True, 'output_max_abs': 0.0, 'lse_max_abs': 0.0}"
1,16,131072,4,0.5545760095119476,0.5143679976463318,1.0781697384938438,"[32, 32]","[32, 32]","[35, 39]","{'output_exact': True, 'lse_exact': True, 'output_max_abs': 0.0, 'lse_max_abs': 0.0}"
1,32,131072,2,1.106880009174347,1.0331519842147827,1.0713622255834887,"[32, 32]","[32, 32]","[35, 39]","{'output_exact': True, 'lse_exact': True, 'output_max_abs': 0.0, 'lse_max_abs': 0.0}"
1,64,131072,1,2.260464072227478,2.0572479963302612,1.0987805438428986,"[32, 32]","[32, 32]","[35, 39]","{'output_exact': True, 'lse_exact': True, 'output_max_abs': 0.0, 'lse_max_abs': 0.0}"
1,2,262144,32,0.1475840061903,0.1393599957227707,1.0590127060845305,"[32, 32]","[32, 32]","[35, 39]","{'output_exact': True, 'lse_exact': True, 'output_max_abs': 0.0, 'lse_max_abs': 0.0}"
1,4,262144,18,0.26531198620796204,0.3675999939441681,0.7217409972217198,"[36, 36]","[36, 36]","[35, 39]","{'output_exact': True, 'lse_exact': True, 'output_max_abs': 0.0, 'lse_max_abs': 0.0}"
1,8,262144,9,0.5273600220680237,0.7065280079841614,0.7464106392224522,"[36, 36]","[36, 36]","[35, 39]","{'output_exact': True, 'lse_exact': True, 'output_max_abs': 0.0, 'lse_max_abs': 0.0}"
1,16,262144,4,1.109984040260315,1.0302079916000366,1.0774368373287189,"[32, 32]","[32, 32]","[35, 39]","{'output_exact': True, 'lse_exact': True, 'output_max_abs': 0.0, 'lse_max_abs': 0.0}"
1,32,262144,2,2.251303970813751,2.0654879808425903,1.0899622712378891,"[32, 32]","[32, 32]","[35, 39]","{'output_exact': True, 'lse_exact': True, 'output_max_abs': 0.0, 'lse_max_abs': 0.0}"
1,64,262144,1,4.490256071090698,4.1635438203811646,1.0784697519238848,"[32, 32]","[32, 32]","[35, 39]","{'output_exact': True, 'lse_exact': True, 'output_max_abs': 0.0, 'lse_max_abs': 0.0}"
1,2,524288,32,0.27854400873184204,0.2616560012102127,1.0645427868786455,"[32, 32]","[32, 32]","[35, 39]","{'output_exact': True, 'lse_exact': True, 'output_max_abs': 0.0, 'lse_max_abs': 0.0}"
1,4,524288,18,0.5279359817504883,0.7035039961338043,0.7504377866392055,"[36, 36]","[36, 36]","[35, 39]","{'output_exact': True, 'lse_exact': True, 'output_max_abs': 0.0, 'lse_max_abs': 0.0}"
1,8,524288,9,1.083679974079132,1.395680010318756,0.7764530308287735,"[36, 36]","[36, 36]","[35, 39]","{'output_exact': True, 'lse_exact': True, 'output_max_abs': 0.0, 'lse_max_abs': 0.0}"
1,16,524288,4,2.2477920055389404,2.0614559650421143,1.0903905024684917,"[32, 32]","[32, 32]","[35, 39]","{'output_exact': True, 'lse_exact': True, 'output_max_abs': 0.0, 'lse_max_abs': 0.0}"
1,32,524288,2,4.501535892486572,4.172104001045227,1.0789606134839431,"[32, 32]","[32, 32]","[35, 39]","{'output_exact': True, 'lse_exact': True, 'output_max_abs': 0.0, 'lse_max_abs': 0.0}"
1,64,524288,1,9.118720054626465,8.291375637054443,1.0997837335790928,"[32, 32]","[32, 32]","[35, 39]","{'output_exact': True, 'lse_exact': True, 'output_max_abs': 0.0, 'lse_max_abs': 0.0}"
1,2,1048576,32,0.54995197057724,0.5120720118284225,1.073973890144009,"[32, 32]","[32, 32]","[35, 39]","{'output_exact': True, 'lse_exact': True, 'output_max_abs': 0.0, 'lse_max_abs': 0.0}"
1,4,1048576,18,1.0855680108070374,1.3874240517616272,0.782434187607372,"[36, 36]","[36, 36]","[35, 39]","{'output_exact': True, 'lse_exact': True, 'output_max_abs': 0.0, 'lse_max_abs': 0.0}"
1,8,1048576,9,2.1872159242630005,2.7938559651374817,0.7828663866554663,"[36, 36]","[36, 36]","[35, 39]","{'output_exact': True, 'lse_exact': True, 'output_max_abs': 0.0, 'lse_max_abs': 0.0}"
1,16,1048576,4,4.490504026412964,4.1324639320373535,1.086640827424982,"[32, 32]","[32, 32]","[35, 39]","{'output_exact': True, 'lse_exact': True, 'output_max_abs': 0.0, 'lse_max_abs': 0.0}"
1,32,1048576,2,9.045552015304565,8.302696228027344,1.089471632693193,"[32, 32]","[32, 32]","[35, 39]","{'output_exact': True, 'lse_exact': True, 'output_max_abs': 0.0, 'lse_max_abs': 0.0}"
1,64,1048576,1,18.174943923950195,16.54469633102417,1.0985359634476355,"[32, 32]","[32, 32]","[35, 39]","{'output_exact': True, 'lse_exact': True, 'output_max_abs': 0.0, 'lse_max_abs': 0.0}"
