sq,batch,sk,kv_bytes,compact_physical_span,baseline_ms,schedule_only_ms,compact_ms,compact_vs_baseline,schedule_vs_baseline,compact_vs_schedule
1,2,512,1179648,1179648,0.01017600018531084,0.010495999827980995,0.011103999800980091,0.9164265460823098,0.9695122286666701,0.9452449582225829
1,2,1024,2359296,2359296,0.012160000391304493,0.012480000033974648,0.012927999719977379,0.9405941100473485,0.9743590030609767,0.9653465581910211
1,2,2048,4718592,4718592,0.014303999952971935,0.014960000291466713,0.01521599991247058,0.9400630937996263,0.9561497108480028,0.9831756294376647
1,2,4096,9437184,9437184,0.016416000202298164,0.016896000131964684,0.01724799908697605,0.9517625853014957,0.9715909134755254,0.9795918962404653
1,2,8192,18874368,18874368,0.01820800080895424,0.018751999363303185,0.01865600049495697,0.975986295341071,0.9709898372003187,1.0051457368031356
1,2,16384,37748736,37748736,0.026048000901937485,0.026575999334454536,0.026335999369621277,0.9890644564634976,0.9801325088147287,1.009113000097885
1,2,32768,75497472,75497472,0.04102399945259094,0.04171200096607208,0.04249599948525429,0.9653614445949409,0.9835059096292036,0.9815512394418622
1,2,65536,150994944,150994944,0.07017599791288376,0.07072000205516815,0.0735040009021759,0.954723512347018,0.9923076339582114,0.9621245263817287
1,2,131072,301989888,301989888,0.1369119957089424,0.13708800077438354,0.14081600308418274,0.9722758259733701,0.9987161161848819,0.9735257198887365
1,2,262144,603979776,603979776,0.27585600316524506,0.2756880074739456,0.2810879945755005,0.9813866422215691,1.0006093688762117,0.9807889799430604
1,2,524288,1207959552,1207959552,0.55799999833107,0.5571680068969727,0.5607199966907501,0.9951490969187241,1.0014932505524337,0.9936653056521249
1,2,932032,2147401728,2147401728,0.9936160147190094,0.996431976556778,1.0030879974365234,0.9905571766966402,0.997173954766587,0.9933644696210546
1,4,512,2359296,2359296,0.012223999947309494,0.01283199992030859,0.013151999562978745,0.9294404161720432,0.9526184556752652,0.9756691261174526
1,4,1024,4718592,4718592,0.014399999752640724,0.015104000456631184,0.015584000386297703,0.9240246018796293,0.9533897853080785,0.9691991839214429
1,4,2048,9437184,9437184,0.016575999557971954,0.016896000131964684,0.01740800030529499,0.9522058402612753,0.9810605722364232,0.9705882258529963
1,4,4096,18874368,18874368,0.01836800016462803,0.018688000738620758,0.018719999119639397,0.9811966361343425,0.9828766822910375,0.99829068469426
1,4,8192,37748736,37748736,0.02598400041460991,0.026847999542951584,0.026399999856948853,0.9842424452805651,0.9678188638613673,1.016969685167813
1,4,16384,75497472,75497472,0.04110400006175041,0.04195199906826019,0.04255999997258186,0.965789475757297,0.9797864458108421,0.985714264456923
1,4,32768,150994944,150994944,0.07073600217700005,0.07119999825954437,0.07345600053668022,0.9629710528778116,0.99348320092856,0.969287706100888
1,4,65536,301989888,301989888,0.13715199381113052,0.13734400272369385,0.1406560018658638,0.9750881014087486,0.9986019854616469,0.9764531971744197
1,4,131072,603979776,603979776,0.2762559950351715,0.2767520099878311,0.28203199803829193,0.9795200436712993,0.9982077277318369,0.9812787623844584
1,4,262144,1207959552,1207959552,0.6286399960517883,0.6304479837417603,0.6468319892883301,0.9718752418900041,0.9971322175078722,0.9746703845544248
1,4,524288,2415919104,2415919104,1.333072006702423,1.3369999825954437,1.3766160011291504,0.9683688157111272,0.9970620972743803,0.9712221719773617
1,4,932032,4294803456,4294803456,2.436959981918335,2.4407999515533447,2.510032057762146,0.9708879910048004,0.9984267577387627,0.9724178398460273
1,8,512,4718592,4718592,0.0144640002399683,0.014783999882638454,0.015135999768972397,0.9556025674378218,0.9783550023531896,0.9767441932011974
1,8,1024,9437184,9437184,0.016656000167131424,0.017103999853134155,0.01735999993979931,0.959447017562834,0.9738073146720333,0.985253451177828
1,8,2048,18874368,18874368,0.01833599992096424,0.019023999571800232,0.018991999328136444,0.9654591706835022,0.9638351731327922,1.00168493285572
1,8,4096,37748736,37748736,0.026208000257611275,0.02672000043094158,0.026464000344276428,0.9903264781085706,0.9808383171754214,1.0096735218914294
1,8,8192,75497472,75497472,0.041280001401901245,0.042160000652074814,0.04291199892759323,0.9619687367991012,0.979127152832948,0.9824758041034796
1,8,16384,150994944,150994944,0.07046400010585785,0.07115199789404869,0.07342400029301643,0.9596862037570008,0.9903305907275389,0.9690564067620837
1,8,32768,301989888,301989888,0.13758400082588196,0.13791999965906143,0.14192000031471252,0.9694475797687758,0.9975638135585118,0.9718151025452301
1,8,65536,603979776,603979776,0.27665600180625916,0.2765119969844818,0.28172799944877625,0.9819968279601571,1.0005207905022127,0.9814856795401949
1,8,131072,1207959552,1207959552,0.5924960076808929,0.5935759991407394,0.6069279909133911,0.9762212594433503,0.9981805338130081,0.9780006986453901
1,8,262144,2415919104,2415919104,1.2238239645957947,1.2196479737758636,1.2490559816360474,0.9797991303742822,1.0034239312569861,0.976455812795785
1,8,524288,4831838208,4831838208,2.4720319509506226,2.4701199531555176,2.5329360365867615,0.9759551426658962,1.0007740505851397,0.9752002883120999
1,8,932032,8589606912,8589606912,4.41429591178894,4.397432088851929,4.533680081367493,0.973667270862539,1.0038349251554706,0.9699475944331591
1,16,512,9437184,9437184,0.016831999644637108,0.017503999173641205,0.01772800087928772,0.9494584166172146,0.9616088002325752,0.9873645253533225
1,16,1024,18874368,18874368,0.018719999119639397,0.019247999414801598,0.019200000911951065,0.9749999078378746,0.9725685623849213,1.0024999219047253
1,16,2048,37748736,37748736,0.026655999943614006,0.027327999472618103,0.027055999264121056,0.9852158733225024,0.9754098528259479,1.0100532309245642
1,16,4096,75497472,75497472,0.041519999504089355,0.042208001017570496,0.043296001851558685,0.9589799918810427,0.983699737090256,0.9748706396096706
1,16,8192,150994944,150994944,0.07094400003552437,0.0713919997215271,0.07398399710655212,0.9589100725843518,0.993724791464727,0.9649654318988468
1,16,16384,301989888,301989888,0.1377120018005371,0.13819199800491333,0.1414560005068779,0.9735324150765966,0.9965265991424543,0.9769256695349176
1,16,32768,603979776,603979776,0.2768480032682419,0.27662399411201477,0.2823200076818466,0.9806177236302315,1.000809796550535,0.9798242653200449
1,16,65536,1207959552,1207959552,0.5782719850540161,0.5758479982614517,0.5858240127563477,0.987108709206373,1.0042094212359558,0.9829709703295397
1,16,131072,2415919104,2415919104,1.177344024181366,1.1828400194644928,1.1881920099258423,0.9908701744719245,0.9953535599128486,0.9954956855317656
1,16,262144,4831838208,4831838208,2.36843204498291,2.3610960245132446,2.3904719948768616,0.9907800844598111,1.0031070402870115,0.9877112258890403
1,16,524288,9663676416,9663676416,4.7290719747543335,4.741487979888916,4.777328014373779,0.9898989478063354,0.9973814116608024,0.9924978912109385
1,16,932032,17179213824,17179213824,8.492543697357178,8.524192333221436,8.510560035705566,0.9978830607771049,0.9962871982908089,1.0016018096880435
1,32,512,18874368,18874368,0.01958400011062622,0.019967999309301376,0.019967999309301376,0.9807692702344855,0.9807692702344855,1.0
1,32,1024,37748736,37748736,0.02739199995994568,0.02796800062060356,0.027952000498771667,0.9799656364899322,0.9794050111600201,1.0005724141938461
1,32,2048,75497472,75497472,0.041999999433755875,0.04283199831843376,0.04387199878692627,0.9573304293186604,0.9805752961024045,0.9762946640853203
1,32,4096,150994944,150994944,0.07116799801588058,0.07171200215816498,0.07436800003051758,0.9569707130308218,0.9924140433133556,0.9642857429100865
1,32,8192,301989888,301989888,0.13833599537611008,0.13875199854373932,0.14155200123786926,0.9772803928334797,0.9970018221575518,0.9802192645130837
1,32,16384,603979776,603979776,0.2773279994726181,0.2767919972538948,0.2826559990644455,0.9811502334659007,1.001936480187437,0.9792539276365626
1,32,32768,1207959552,1207959552,0.5800000131130219,0.5716319978237152,0.5751680135726929,1.0084010227034614,1.0146388153937584,0.9938522037638821
1,32,65536,2415919104,2415919104,1.178712010383606,1.1509039998054504,1.1548480093479156,1.020664192034383,1.0241618854247236,0.9965848237079334
1,32,131072,4831838208,4831838208,2.3683680295944214,2.304111957550049,2.308784008026123,1.025807533905798,1.027887565026439,0.9979764020974536
1,32,262144,9663676416,9663676416,4.731992125511169,4.63318395614624,4.636944055557251,1.0204979979950386,1.0213261917290923,0.9991890996816094
1,32,524288,19327352832,19327352832,9.565807819366455,9.260583877563477,9.29260778427124,1.0293997165744622,1.0329594705731757,0.9965538299419063
1,32,932032,34358427648,34358427648,16.887592315673828,16.541815757751465,16.512720108032227,1.0227020263886901,1.020903180339216,1.0017620143458428
1,64,512,37748736,37748736,0.02864000014960766,0.029263999313116074,0.029503999277949333,0.9707158639680618,0.9786769006918087,0.9918655107542445
1,64,1024,75497472,75497472,0.04339199885725975,0.04382399842143059,0.04531199857592583,0.9576271235211821,0.99014239732266,0.9671610125074949
1,64,2048,150994944,150994944,0.07241600006818771,0.07295999675989151,0.07585599645972252,0.9546509629813993,0.9925439046619743,0.9618224025127835
1,64,4096,301989888,301989888,0.1395680010318756,0.14022399485111237,0.1432799994945526,0.9740926962885833,0.9953218147868824,0.9786711009616075
1,64,8192,603979776,603979776,0.27857600152492523,0.2788719981908798,0.28435200452804565,0.9796871380853911,0.9989385930897515,0.9807280896568277
1,64,16384,1207959552,1207959552,0.5856319963932037,0.5719519853591919,0.5714400112628937,1.0248354767789982,1.0239181109327222,1.0008959367321282
1,64,32768,2415919104,2415919104,1.1870560050010681,1.1374079585075378,1.1412799954414368,1.0401093594406916,1.0436501662593223,0.9966072857236044
1,64,65536,4831838208,4831838208,2.3893920183181763,2.2801599502563477,2.305567979812622,1.036357218368537,1.0479054410413393,0.9889797092175354
1,64,131072,9663676416,9663676416,4.73471999168396,4.549407958984375,4.590191841125488,1.0314862985166724,1.0407332194365253,0.9911149939800526
1,64,262144,19327352832,19327352832,9.57428789138794,9.104383945465088,9.182415962219238,1.0426763425639882,1.0516129316093827,0.9915020167812904
1,64,524288,38654705664,38654705664,19.342880249023438,18.177591800689697,18.42398452758789,1.04987497248815,1.064105766105361,0.9866265233489939
1,64,932032,68716855296,68716855296,34.07508659362793,32.430463790893555,32.570223808288574,1.0462036366159815,1.0507122813086682,0.9957089635546362
4,2,512,1179648,1179648,0.014128000009804964,0.014399999752640724,0.015135999768972397,0.9334038203915838,0.981111128645271,0.9513742053669679
4,2,1024,2359296,2359296,0.015936000272631645,0.01640000008046627,0.016976000741124153,0.9387370156050289,0.971707328929389,0.9660697080872217
4,2,2048,4718592,4718592,0.01692800037562847,0.017503999173641205,0.018144000321626663,0.9329806038115649,0.967093302947585,0.9647265687477633
4,2,4096,9437184,9437184,0.024032000452280045,0.024383999407291412,0.025232000276446342,0.9524413518144069,0.9855643469665558,0.9663918492444483
4,2,8192,18874368,18874368,0.03776000067591667,0.03832000121474266,0.0398080013692379,0.9485530390153211,0.985386207696399,0.9626205761828297
4,2,16384,37748736,37748736,0.06540799885988235,0.0660959966480732,0.0692639984190464,0.9443289494228257,0.9895909310233406,0.9542619276495297
4,2,32768,75497472,75497472,0.12539200484752655,0.12592000514268875,0.131632000207901,0.9525951489719906,0.995806859326571,0.9566063338991229
4,2,65536,150994944,150994944,0.252591997385025,0.25144800543785095,0.2618879973888397,0.9645039096999455,1.0045496163120564,0.9601356608356207
4,2,131072,301989888,301989888,0.5555679798126221,0.5440479815006256,0.5663999915122986,0.9808756852718962,1.021174599858309,0.9605367048964942
4,2,262144,603979776,603979776,1.1437600255012512,1.1217600107192993,1.1662160158157349,0.9807445704655529,1.0196120512157008,0.9618801281293159
4,2,524288,1207959552,1207959552,2.3162880539894104,2.274176001548767,2.365391969680786,0.9792406855520007,1.0185174992665318,0.9614372715806891
4,2,932032,2147401728,2147401728,4.155776023864746,4.082248091697693,4.22599196434021,0.9833847434950278,1.0180116275433115,0.9659857676362242
4,4,512,2359296,2359296,0.01643200032413006,0.016767999157309532,0.01724799908697605,0.9526902361989251,0.9799619006401843,0.9721706890610304
4,4,1024,4718592,4718592,0.01744000054895878,0.017967999912798405,0.018751999363303185,0.9300341905454664,0.9706144609081649,0.9581911541635911
4,4,2048,9437184,9437184,0.024320000782608986,0.024768000468611717,0.025760000571608543,0.9440993883134204,0.9819121577226035,0.9614906800860027
4,4,4096,18874368,18874368,0.03807999938726425,0.03855999931693077,0.039792001247406006,0.95697623124061,0.9875518688234063,0.9690389552710534
4,4,8192,37748736,37748736,0.06576000154018402,0.0660799965262413,0.06932799890637398,0.9485345398327671,0.9951574606101832,0.9531502072558155
4,4,16384,75497472,75497472,0.12611199915409088,0.12615200132131577,0.13183999806642532,0.956553405670952,0.9996829050129534,0.95685682017195
4,4,32768,150994944,150994944,0.25332799553871155,0.25171199440956116,0.2634720057249069,0.9614987172611165,1.006420040224706,0.9553652340293622
4,4,65536,301989888,301989888,0.5270480066537857,0.5243040025234222,0.5459039807319641,0.9654591746099822,1.005233612784104,0.9604326420562459
4,4,131072,603979776,603979776,1.0734080076217651,1.0650720000267029,1.1090720295906067,0.9678433672319675,1.0078267080487078,0.9603271668656673
4,4,262144,1207959552,1207959552,2.1635599732398987,2.139056086540222,2.2330880165100098,0.9688646203122915,1.0114554671351839,0.9578915254237288
4,4,524288,2415919104,2415919104,4.351047992706299,4.3127440214157104,4.477328062057495,0.9717956630381098,1.0088815777380673,0.963240567061295
4,4,932032,4294803456,4294803456,7.736527919769287,7.660607814788818,7.956272125244141,0.9723810093451133,1.0099104544725426,0.962838838868115
4,8,512,4718592,4718592,0.01820800080895424,0.018672000616788864,0.019231999292969704,0.9467554845226211,0.9751499682675984,0.970881931324449
4,8,1024,9437184,9437184,0.02502400055527687,0.025488000363111496,0.026399999856948853,0.9478788140481826,0.9817953624755057,0.9654545644401848
4,8,2048,18874368,18874368,0.038784001022577286,0.039344001561403275,0.04070400074124336,0.9528301964499368,0.9857665586467607,0.9665880710722848
4,8,4096,37748736,37748736,0.06646399945020676,0.06708799675107002,0.07011199742555618,0.9479689909102531,0.990698823469441,0.9568689983808121
4,8,8192,75497472,75497472,0.12670399993658066,0.12718400359153748,0.13259200006723404,0.9555930966599212,0.996225911738882,0.9592132521347118
4,8,16384,150994944,150994944,0.25414399802684784,0.2527199983596802,0.2632319927215576,0.9654753413490932,1.005634693243156,0.9600656658288612
4,8,32768,301989888,301989888,0.5306240022182465,0.5162239968776703,0.5377439856529236,0.9867595293956991,1.0278948778585908,0.9599809772876884
4,8,65536,603979776,603979776,1.0742320120334625,1.0287360548973083,1.0744480192661285,0.9997989598111842,1.0442251021722921,0.9574553970511831
4,8,131072,1207959552,1207959552,2.1555439829826355,2.067919969558716,2.154528021812439,1.0004715469745165,1.0423730196109176,0.9598018445910643
4,8,262144,2415919104,2415919104,4.351216077804565,4.131727933883667,4.328912019729614,1.0051523472810946,1.05312260328685,0.9544495048762244
4,8,524288,4831838208,4831838208,8.704927921295166,8.26144027709961,8.64844012260437,1.006531559204897,1.053681637743589,0.9552520639539075
4,8,932032,8589606912,8589606912,15.44484806060791,14.666608095169067,15.353640079498291,1.005940479302456,1.0530620277291776,0.9552528272922968
4,16,512,9437184,9437184,0.026496000587940216,0.02675200067460537,0.027295999228954315,0.9706917253952184,0.9904306190113039,0.9800703923756015
4,16,1024,18874368,18874368,0.03993599861860275,0.040463998913764954,0.04198399931192398,0.9512194948817186,0.9869513565308399,0.9637957216303753
4,16,2048,37748736,37748736,0.06750399991869926,0.06816799752414227,0.07135999947786331,0.9459641313427949,0.9902593940036475,0.9552690305902926
4,16,4096,75497472,75497472,0.12812800705432892,0.1279520019888878,0.13327999413013458,0.9613446330829272,1.001375555385655,0.9600240668074719
4,16,8192,150994944,150994944,0.2550880014896393,0.25489600002765656,0.26417599618434906,0.9655987113667666,1.0007532541191777,0.9648719176203402
4,16,16384,301989888,301989888,0.5380159914493561,0.5130879878997803,0.5335040092468262,1.008457260159862,1.0485842665146254,0.9617322063317421
4,16,32768,603979776,603979776,1.0793599486351013,1.0181120038032532,1.059552013874054,1.0186946317893573,1.06015835645101,0.9608891215077935
4,16,65536,1207959552,1207959552,2.16376793384552,2.0338399410247803,2.1155359745025635,1.0227989312988628,1.0638830963046548,0.9613828200217712
4,16,131072,2415919104,2415919104,4.324264049530029,4.0558881759643555,4.21235203742981,1.0265675829336676,1.0661694459813018,0.962855938897044
4,16,262144,4831838208,4831838208,8.704751968383789,8.091511964797974,8.405279636383057,1.0356290742195462,1.0757880611502162,0.9626701686132
4,16,524288,9663676416,9663676416,17.370448112487793,16.19918441772461,16.79213571548462,1.0344394785036124,1.0723038681800316,0.9646887502693758
4,16,932032,17179213824,17179213824,30.931943893432617,28.786744117736816,29.832168102264404,1.0368654328910387,1.0745204031036648,0.9649564865368188
4,32,512,18874368,18874368,0.04737599939107895,0.047968000173568726,0.0490880012512207,0.9651238221866045,0.9876584226912178,0.9771838117441353
4,32,1024,37748736,37748736,0.07430399954319,0.07499199733138084,0.07791999727487564,0.9535934566459286,0.9908257172408589,0.9624229973575873
4,32,2048,75497472,75497472,0.1340159997344017,0.13396800309419632,0.1395680010318756,0.9602200987588416,1.0003582694307358,0.9598762044574937
4,32,4096,150994944,150994944,0.2619200050830841,0.2603999972343445,0.27083198726177216,0.9670940561017477,1.005837203782194,0.961481691535407
4,32,8192,301989888,301989888,0.5133599936962128,0.513839989900589,0.5348320007324219,0.9598528004928568,0.9990658644445539,0.9607502714813521
4,32,16384,603979776,603979776,1.0248639583587646,1.0196320414543152,1.0620959997177124,0.9649447494681804,1.0051311813396793,0.9600187193298125
4,32,32768,1207959552,1207959552,2.0479040145874023,2.0352319478988647,2.116047978401184,0.967796588494525,1.0062263501227071,0.9618080349182908
4,32,65536,2415919104,2415919104,4.0796799659729,4.0641279220581055,4.217967987060547,0.9672145399130879,1.0038266620079517,0.9635274460417015
4,32,131072,4831838208,4831838208,8.160607814788818,8.105664253234863,8.415735960006714,0.9696843928528276,1.0067784156655673,0.9631557230115851
4,32,262144,9663676416,9663676416,16.3591046333313,16.256128311157227,16.821080207824707,0.9725359151263954,1.0063346154879569,0.9664140536940856
4,32,524288,19327352832,19327352832,32.76699256896973,32.50853633880615,33.843807220458984,0.9681828157076161,1.0079504111618538,0.9605460794361916
4,32,932032,34358427648,34358427648,58.3719367980957,57.8042631149292,60.0577917098999,0.9719294555492904,1.009820619666716,0.9624773317364709
4,64,512,37748736,37748736,0.08588799834251404,0.08716800063848495,0.08972799777984619,0.9572039995057746,0.9853156859559103,0.9714693606822437
4,64,1024,75497472,75497472,0.14507199823856354,0.14553599804639816,0.15030399709939957,0.9651905540650659,0.9968117866777765,0.9682776297036984
4,64,2048,150994944,150994944,0.27246399223804474,0.2725600004196167,0.28089600801467896,0.9699817173044567,0.9996477539572052,0.9703235099210572
4,64,4096,301989888,301989888,0.5261119902133942,0.5255920141935349,0.546520009636879,0.9626582392892725,1.0009893149169269,0.9617068083980143
4,64,8192,603979776,603979776,1.038591980934143,1.0334399938583374,1.077951967716217,0.963486325958045,1.0049852793644756,0.9587069042118972
4,64,16384,1207959552,1207959552,2.0582879781723022,2.048640012741089,2.1352319717407227,0.9639645740665391,1.0047094488886334,0.9594461116423614
4,64,32768,2415919104,2415919104,4.101632118225098,4.079160094261169,4.258080005645752,0.9632585843353761,1.0055089830858914,0.957981082753881
4,64,65536,4831838208,4831838208,8.220992088317871,8.124399900436401,8.494351863861084,0.967818642325589,1.0118891473912162,0.9564472994109615
4,64,131072,9663676416,9663676416,16.418975830078125,16.30024766921997,16.950640201568604,0.9686345550865224,1.0072838255753838,0.9616302083806577
4,64,262144,19327352832,19327352832,32.97811985015869,32.57623863220215,33.905776023864746,0.9726401727819732,1.0123366366047943,0.960787289141331
4,64,524288,38654705664,38654705664,66.08169555664062,65.25266456604004,67.80757522583008,0.9745473914464352,1.012704936972521,0.9623211617392153
4,64,932032,68716855296,68716855296,119.41146278381348,116.44343185424805,120.43201446533203,0.9915259103980832,1.025489036885142,0.966881043808894
128,2,512,1179648,1179648,0.084927998483181,0.08852800354361534,0.0907839983701706,0.9354952415390229,0.9593348441585411,0.9751498626734145
128,2,1024,2359296,2359296,0.14044799655675888,0.14367999881505966,0.1488640010356903,0.9434651465741964,0.9775055520256448,0.965176253596813
128,2,2048,4718592,4718592,0.2636000066995621,0.26367999613285065,0.275504007935524,0.9567919126652132,0.9996966420112952,0.957082251211966
128,2,4096,9437184,9437184,0.5115039944648743,0.5086559951305389,0.5339840054512024,0.9579013401958864,1.0055990676638038,0.9525678483585628
128,2,8192,18874368,18874368,1.0051279962062836,0.9975520074367523,1.0535919964313507,0.9540011689636777,1.0075945802454933,0.9468105403378035
128,2,16384,37748736,37748736,1.992576003074646,1.9657439589500427,2.076464056968689,0.9596005268607893,1.0136498163977241,0.9466785386209476
128,2,32768,75497472,75497472,3.9605599641799927,3.9290080070495605,4.129048109054565,0.959194434062152,1.008030514845941,0.9515529737795164
128,2,65536,150994944,150994944,7.886559963226318,7.787071943283081,8.225032091140747,0.9588485340648093,1.0127760499283756,0.946752773362502
128,2,131072,301989888,301989888,15.750672101974487,15.559687852859497,16.41638469696045,0.9594482824766393,1.012274298232782,0.9478145243355821
128,2,262144,603979776,603979776,31.527567386627197,31.13982391357422,32.529279708862305,0.9692058252995316,1.0124516912532686,0.9572859956407352
128,2,524288,1207959552,1207959552,63.1376314163208,62.329423904418945,64.9561767578125,0.9720035040197624,1.0129667091603674,0.9595611536191956
128,2,932032,2147401728,2147401728,112.40041732788086,110.75255393981934,115.63932037353516,0.9719913344769575,1.0148787845466474,0.9577413079052115
128,4,512,2359296,2359296,0.1598079949617386,0.16344000399112701,0.1696239970624447,0.9421308171561805,0.9777777230745441,0.9635429350893016
128,4,1024,4718592,4718592,0.2820799946784973,0.28433600068092346,0.29583999514579773,0.9534883697502796,0.9920657039663514,0.9611141338100523
128,4,2048,9437184,9437184,0.5310079753398895,0.5313839763402939,0.5535200089216232,0.9593293228449103,0.9992924118581935,0.9600086135558945
128,4,4096,18874368,18874368,1.029856026172638,1.020695984363556,1.0752559900283813,0.9577775299307609,1.0089743096371577,0.9492585894235425
128,4,8192,37748736,37748736,2.021615982055664,2.0076799988746643,2.1081440448760986,0.958955336552669,1.0069413368608597,0.9523447905537504
128,4,16384,75497472,75497472,3.983952045440674,3.965391993522644,4.176952123641968,0.9537940410882628,1.0046805087487813,0.9493505973118839
128,4,32768,150994944,150994944,7.915168046951294,7.878463983535767,8.320720195770264,0.9512599703779094,1.0046587841858807,0.9468488061334748
128,4,65536,301989888,301989888,15.795392036437988,15.683319807052612,16.481167793273926,0.9583903419079437,1.007145950651021,0.9515903244097229
128,4,131072,603979776,603979776,31.635255336761475,31.238183975219727,32.81270408630371,0.9641160708228947,1.012711089795,0.9520149236422973
128,4,262144,1207959552,1207959552,63.0898323059082,62.45979976654053,65.23641777038574,0.9670952891369216,1.010087008631513,0.9574376077236775
128,4,524288,2415919104,2415919104,126.74012756347656,124.80921745300293,130.28985595703125,0.9727551437717041,1.0154708934955121,0.9579350329020565
128,4,932032,4294803456,4294803456,225.72092056274414,221.67515182495117,231.8517837524414,0.9735569720859104,1.0182508896666405,0.9561071656953207
128,8,512,4718592,4718592,0.3179679960012436,0.32308800518512726,0.3348719999194145,0.9495209993005124,0.984152896109684,0.9648104507479782
128,8,1024,9437184,9437184,0.5653440058231354,0.5694639831781387,0.5917919874191284,0.9553086520969375,0.9927651660566661,0.9622705195141884
128,8,2048,18874368,18874368,1.0666640102863312,1.0625759959220886,1.1143839955329895,0.957178149149715,1.0038472677530186,0.9535097418676387
128,8,4096,37748736,37748736,2.0703680515289307,2.0529839992523193,2.1557600498199463,0.9603889132753213,1.0084676998373794,0.9523249117747539
128,8,8192,75497472,75497472,4.060920000076294,4.02782416343689,4.230535984039307,0.9599067388617119,1.00821680274423,0.9520836552703499
128,8,16384,150994944,150994944,8.023255825042725,7.926463961601257,8.364352226257324,0.9592202250708869,1.0122112286021059,0.9476482753462425
128,8,32768,301989888,301989888,15.812384128570557,15.740776062011719,16.625216484069824,0.9511084648865704,1.0045492081379428,0.9468012688493067
128,8,65536,603979776,603979776,31.566720008850098,31.371631622314453,33.016767501831055,0.9560814821468958,1.0062186241660724,0.9501727151385924
128,8,131072,1207959552,1207959552,63.319607734680176,62.65454292297363,65.92624092102051,0.9604613709211318,1.0106147899366875,0.9503733573712119
128,8,262144,2415919104,2415919104,126.82208061218262,125.18452644348145,130.7851791381836,0.9696976480659656,1.0130811228450067,0.9571767020421735
128,8,524288,4831838208,4831838208,254.38776016235352,249.17319869995117,260.99461364746094,0.9746858626974132,1.020927457245037,0.9547062876804133
128,8,932032,8589606912,8589606912,451.7728576660156,443.64612579345703,464.5657272338867,0.9724627349416362,1.0183180499052573,0.9549695549755919
128,16,512,9437184,9437184,0.6327920109033585,0.6379919946193695,0.6663520038127899,0.9496362392288085,0.9918494530341037,0.9574398980851747
128,16,1024,18874368,18874368,1.129855990409851,1.1324639916419983,1.1859039664268494,0.9527381831887519,0.9976970559316718,0.954937350495701
128,16,2048,37748736,37748736,2.13591992855072,2.1240960359573364,2.219576060771942,0.9623098601125986,1.0055665527326567,0.9569827650865008
128,16,4096,75497472,75497472,4.12990403175354,4.105752110481262,4.304143905639648,0.9595181114511983,1.0058824596864049,0.9539067931956372
128,16,8192,150994944,150994944,8.15998363494873,8.087279796600342,8.500495910644531,0.9599420693480479,1.0089899002108165,0.951389175597773
128,16,16384,301989888,301989888,15.89518404006958,15.92572808265686,16.763360023498535,0.9482099064738833,0.9980820944305496,0.9500319780958293
128,16,32768,603979776,603979776,31.629279613494873,31.531119346618652,33.36771202087402,0.9479007608825073,1.00311312344472,0.9449589869060713
128,16,65536,1207959552,1207959552,63.25290393829346,62.76697540283203,66.25549507141113,0.9546816285972742,1.007741786701411,0.9473474665788985
128,16,131072,2415919104,2415919104,126.80467987060547,125.5424633026123,131.76530838012695,0.9623525450628425,1.0100541006985873,0.9527732666965535
128,16,262144,4831838208,4831838208,254.4899444580078,250.17638778686523,261.9639892578125,0.9714691900173764,1.0172420615282745,0.9550029700481218
128,16,524288,9663676416,9663676416,508.9564437866211,500.6188735961914,523.6533508300781,0.9719339005084948,1.0166545262877063,0.9560119739568682
128,16,932032,17179213824,17179213824,905.2394256591797,889.6206970214844,931.4590301513672,0.9718510383780093,1.0175566156340428,0.955083013019817
128,32,512,18874368,18874368,1.259119987487793,1.2665200233459473,1.3182079792022705,0.9551755165749828,0.994157189999567,0.9607892254698664
128,32,1024,37748736,37748736,2.2479039430618286,2.244391977787018,2.3428800106048584,0.9594618302631256,1.0015647735821411,0.9579628353257348
128,32,2048,75497472,75497472,4.220255970954895,4.208119988441467,4.400112152099609,0.9591246370711501,1.0028839440288684,0.9563665295289056
128,32,4096,150994944,150994944,8.188752174377441,8.08619213104248,8.526768207550049,0.9603582477035895,1.0126833547450893,0.9483302388685247
128,32,8192,301989888,301989888,16.104983806610107,15.962183952331543,16.748831748962402,0.9615586357303887,1.0089461351093945,0.9530326766414862
128,32,16384,603979776,603979776,31.608744144439697,31.38926410675049,33.14633560180664,0.953612022884269,1.0069922008028855,0.9469904753223948
128,32,32768,1207959552,1207959552,62.82932758331299,62.33615970611572,65.8289966583252,0.954432404756501,1.0079114253993557,0.9469407536265746
128,32,65536,2415919104,2415919104,125.17694473266602,123.99101638793945,131.0186996459961,0.9554128156582677,1.0095646312069584,0.9463612196041864
128,32,131072,4831838208,4831838208,250.97335052490234,247.18429565429688,260.15867614746094,0.9646933719121777,1.015328865697458,0.9501289724974998
128,32,262144,9663676416,9663676416,503.63612365722656,493.955078125,518.0255126953125,0.972222624783059,1.0195990404005457,0.9535342681385076
128,32,524288,19327352832,19327352832,1008.6382446289062,989.8798522949219,1035.1708374023438,0.9743688753442684,1.0189501708621458,0.9562478158474064
128,32,932032,34358427648,34358427648,1794.783447265625,1756.761474609375,1837.68896484375,0.9766524594754951,1.0216432186189104,0.9559623571874385
128,64,512,37748736,37748736,2.526416063308716,2.5235840678215027,2.6214159727096558,0.9637600783736958,1.0011222116684457,0.962679747927595
128,64,1024,75497472,75497472,4.465208053588867,4.4668800830841064,4.659991979598999,0.9582008023054809,0.9996256829231724,0.9585596075357387
128,64,2048,150994944,150994944,8.388304233551025,8.330992221832275,8.778640270233154,0.9555357065939141,1.0068793740520556,0.9490071315578592
128,64,4096,301989888,301989888,16.26325559616089,16.138256072998047,16.900383949279785,0.9623009539291533,1.0077455409430507,0.9549047004749134
128,64,8192,603979776,603979776,32.15067195892334,31.68273639678955,33.45177459716797,0.9611051236021786,1.0147694175235824,0.9471167607195289
128,64,16384,1207959552,1207959552,63.18080806732178,62.32601547241211,65.7705192565918,0.9606250457113357,1.0137148602943826,0.9476284538557225
128,64,32768,2415919104,2415919104,125.02908706665039,124.03884887695312,130.9660301208496,0.9546680688975541,1.0079832907082167,0.9471070380807574
128,64,65536,4831838208,4831838208,249.04537963867188,247.0619239807129,260.9536437988281,0.9543663618303929,1.0080281721521518,0.946765564887745
128,64,131072,9663676416,9663676416,500.3781967163086,492.80628204345703,518.723876953125,0.9646330522809649,1.01536489072634,0.950035855180019
128,64,262144,19327352832,19327352832,1002.8522338867188,983.5449981689453,1030.9295959472656,0.9727650053205155,1.0196302515428552,0.9540370186629659
128,64,524288,38654705664,38654705664,2008.9071350097656,1965.9752502441406,2059.07470703125,0.9756358660275054,1.0218374492559321,0.9547857800063315
128,64,932032,68716855296,68716855296,3583.4652099609375,3495.2285766601562,3658.8522338867188,0.9793959911177667,1.025244882091544,0.955280058672184
