seqlen_q,batch_size,seqlen_k,standard_ncu_duration_ns,localized_ncu_duration_ns,standard_l2_hit_rate_pct,localized_l2_hit_rate_pct,localized_minus_standard_l2_hit_rate_pp,standard_l2_count_hit_rate_pct,localized_l2_count_hit_rate_pct,standard_hbm_read_bytes,standard_hbm_write_bytes,localized_hbm_read_bytes,localized_hbm_write_bytes,standard_hbm_total_gb_s,localized_hbm_total_gb_s,localized_to_standard_hbm_bandwidth_ratio,standard_hbm_utilization_pct,localized_hbm_utilization_pct,localized_minus_standard_hbm_utilization_pp,localized_to_standard_hbm_total_bytes_ratio,standard_to_localized_ncu_duration_ratio,standard_replay_passes,localized_replay_passes
1,2,512,11712.0,14720.0,58.29,63.95,5.660000000000004,58.2599852854507,64.21230312131897,1552128.0,0.0,1569280.0,0.0,132.52459016393,106.60869565217,0.8044446356732543,1.73,1.39,-0.3400000000000001,1.0110506349991752,0.7956521739130434,4,4
1,4,512,12192.0,15488.0,55.58,64.34,8.760000000000005,55.42541227415575,63.65703185039706,3026176.0,0.0,3045632.0,0.0,248.20997375328,196.64462809917,0.7922511135456394,3.24,2.57,-0.6700000000000004,1.0064292361052365,0.7871900826446281,4,4
1,8,512,12416.0,15488.0,52.4,62.4,10.0,52.48909286907279,62.59067240591451,5975552.0,0.0,5994240.0,0.0,481.27835051546003,387.02479338843,0.804159989689787,6.29,5.05,-1.2400000000000002,1.00312740981921,0.8016528925619835,4,4
1,16,512,12640.0,15008.0,51.7,60.39,8.689999999999998,51.79010387177559,60.581501668029205,11874304.0,0.0,11891456.0,0.0,939.42278481013,792.3411513859301,0.8434340365143186,12.29,10.35,-1.9399999999999995,1.0014444636081408,0.8422174840085288,4,4
1,32,512,15488.0,18880.0,47.5,55.03,7.530000000000001,47.49540519868948,54.84021882856204,23672064.0,0.0,23694080.0,0.0,1528.4132231405,1254.98305084746,0.8211019322829395,19.99,16.4,-3.59,1.0009300414192865,0.8203389830508474,4,4
1,64,512,19744.0,24256.0,37.15,43.48,6.329999999999998,37.15931751097045,43.48205287286575,47267840.0,8704.0,47289600.0,0.0,2394.47649918962,1949.6042216358799,0.8142089606207029,31.27,25.44,-5.829999999999998,1.000276162318464,0.8139841688654353,4,4
1,2,1024,11488.0,15136.0,58.21,65.05,6.839999999999996,58.27157807613709,64.13377608887379,2731520.0,0.0,2748416.0,0.0,237.77158774373,181.58139534884,0.7636799546653499,3.11,2.37,-0.7399999999999998,1.0061855670103093,0.758985200845666,4,4
1,4,1024,12480.0,15392.0,55.86,63.2,7.340000000000003,55.9450061027566,63.08315410252575,5385216.0,0.0,5404928.0,0.0,431.50769230769,351.15176715177,0.8137786959806466,5.64,4.58,-1.0599999999999996,1.0036603917094504,0.8108108108108109,4,4
1,8,1024,13184.0,16000.0,56.31,64.02,7.709999999999994,55.612181168652725,62.32199223511919,10694400.0,0.0,10713344.0,0.0,811.16504854369,669.584,0.825459628964691,10.61,8.75,-1.8599999999999994,1.001771394374626,0.824,4,4
1,16,1024,15360.0,18912.0,49.92,59.08,9.159999999999997,49.82681607590167,59.03241954006066,21312512.0,768.0,21334272.0,0.0,1387.58333333333,1128.0812182741101,0.8129826808773859,18.14,14.75,-3.3900000000000006,1.0009849258302805,0.8121827411167513,4,4
1,32,1024,19136.0,22144.0,43.83,52.47,8.64,43.89427410100862,52.47109784802586,42547456.0,133376.0,42568704.0,256.0,2230.3946488294296,1922.3699421965298,0.8618967693477209,29.14,25.11,-4.030000000000001,0.9973788702150886,0.8641618497109826,4,4
1,64,1024,27264.0,30208.0,37.18,44.89,7.710000000000001,37.18117461785405,44.880893016025254,85021952.0,2902528.0,85042176.0,211968.0,3224.92957746479,2822.23728813559,0.8751314471661215,42.11,36.83,-5.280000000000001,0.9696292090666899,0.902542372881356,4,4
1,2,2048,11904.0,14592.0,58.57,63.82,5.25,57.109729993615986,63.69359769456549,5090816.0,0.0,5108224.0,0.0,427.65591397849,350.07017543859996,0.8185790585283654,5.59,4.58,-1.0099999999999998,1.0034194910992658,0.8157894736842105,4,4
1,4,2048,13472.0,16352.0,57.39,61.1,3.710000000000001,57.41416351198856,61.94787162509379,10104320.0,0.0,10123520.0,0.0,750.02375296912,619.09980430528,0.82544026353092,9.8,8.1,-1.700000000000001,1.001900177349886,0.8238747553816047,4,4
1,8,2048,16320.0,20160.0,52.15,59.25,7.100000000000001,52.03257059664536,59.15163407525366,20133120.0,256.0,20156160.0,0.0,1233.66274509804,999.80952380952,0.8104399097583712,16.11,13.08,-3.0299999999999994,1.0011316532309336,0.8095238095238095,4,4
1,16,2048,19040.0,22176.0,45.28,55.11,9.829999999999998,45.285451744829146,55.127070241402784,40189184.0,126976.0,40210176.0,0.0,2117.4453781512702,1813.22943722944,0.8563287893700288,27.64,23.69,-3.9499999999999993,0.9973711782074484,0.8585858585858586,4,4
1,32,2048,25952.0,28288.0,41.14,50.35,9.21,41.143661763114345,50.347534150731825,80303104.0,2662912.0,80321536.0,1186048.0,3196.90258939581,2881.34841628959,0.901293779124544,41.75,37.64,-4.109999999999999,0.9824213326092457,0.917420814479638,4,4
1,64,2048,41056.0,42560.0,37.2,45.83,8.629999999999995,37.198176119432205,45.825506134891214,160541696.0,3774720.0,160562176.0,3804928.0,4002.25097427903,3862.00902255639,0.9649592310367534,52.2,50.41,-1.7900000000000063,1.0003084780038045,0.9646616541353383,4,4
1,2,4096,13152.0,15392.0,55.3,62.38,7.080000000000005,55.7646952729386,62.94632224632231,9809408.0,0.0,9827584.0,0.0,745.84914841849,638.48648648649,0.8560531145478232,9.75,8.35,-1.4000000000000004,1.0018529150790751,0.8544698544698545,4,4
1,4,4096,16224.0,20576.0,53.62,59.08,5.460000000000001,53.34941859448773,59.322504459568314,19542784.0,0.0,19566080.0,0.0,1204.56015779093,950.9175738724699,0.7894313685556221,15.75,12.42,-3.33,1.001192051245104,0.7884914463452566,4,4
1,8,4096,19456.0,22944.0,46.68,55.12,8.439999999999998,46.67002203904299,55.12207351992964,39008256.0,111616.0,39031552.0,0.0,2010.6842105263102,1701.1659693166,0.8460632258465433,26.26,22.22,-4.040000000000003,0.9977423239012643,0.8479776847977685,4,4
1,16,4096,26272.0,28128.0,41.89,51.96,10.07,41.89126707623103,51.964120039729046,77944320.0,3242496.0,77960448.0,656128.0,3090.2411693057197,2794.9579067121804,0.9044465313819244,40.35,36.49,-3.8599999999999994,0.9683416578376469,0.9340159271899886,4,4
1,32,4096,40544.0,41344.0,39.38,48.9,9.519999999999996,39.38382141868749,48.900556395552066,155812096.0,3253248.0,155827200.0,3234560.0,3923.2770323599,3847.27554179567,0.9806280591614214,51.16,50.19,-0.9699999999999989,0.9999774683792845,0.9806501547987616,4,4
1,64,4096,67104.0,68320.0,37.11,46.4,9.29,37.210317290423724,46.39820720240901,311552000.0,3658752.0,311557120.0,3315456.0,4697.346685741531,4608.7906323185,0.9811476436917385,61.27,60.12,-1.1500000000000057,0.9989271431959276,0.9822014051522249,4,4
1,2,8192,15552.0,19232.0,52.48,60.6,8.120000000000005,52.92758784815113,60.19846359856226,19249152.0,0.0,19269888.0,0.0,1237.72839506173,1001.97004991681,0.8095233606294038,16.18,13.08,-3.0999999999999996,1.0010772422598149,0.8086522462562395,4,4
1,4,8192,19584.0,23040.0,47.61,55.77,8.160000000000004,47.476770229168444,55.324621912687135,38418176.0,72448.0,38441472.0,0.0,1965.41176470588,1668.4666666666699,0.8489145616345452,25.7,21.78,-3.919999999999998,0.998723013687697,0.85,4,4
1,8,8192,26176.0,29632.0,42.9,52.58,9.68,42.82801664991443,52.21368005942235,76770560.0,2894336.0,76782848.0,612864.0,3043.43276283618,2611.8963282937398,0.8582073375130882,39.74,34.1,-5.640000000000001,0.9715158857421969,0.8833693304535637,4,4
1,16,8192,39744.0,41184.0,39.78,49.79,10.009999999999998,39.78649958242388,49.79477435167981,153448192.0,3137792.0,153466624.0,3224320.0,3939.86473429952,3804.65578865579,0.9656818305291972,51.44,49.64,-1.7999999999999972,1.0006703026498207,0.965034965034965,4,4
1,32,8192,67456.0,66816.0,38.31,48.03,9.719999999999999,38.344735660285764,48.0376776552744,306816512.0,3220480.0,306836736.0,3301376.0,4596.13662239089,4641.6743295019105,1.0099078227764544,59.96,60.54,0.5799999999999983,1.0003261546286708,1.0095785440613028,4,4
1,64,8192,121056.0,117312.0,36.98,46.71,9.730000000000004,37.16449095514167,46.71688501852426,613599232.0,3245568.0,613580288.0,3375360.0,5095.53264604811,5259.100927441351,1.0321003303786302,66.43,68.57,2.1399999999999864,1.000179701604034,1.0319148936170213,4,4
1,2,16384,18848.0,21952.0,47.49,55.79,8.299999999999997,47.500402312367704,55.70076538838852,38123520.0,64000.0,38145280.0,0.0,2026.07809847199,1737.66763848397,0.8576508673552461,26.45,22.7,-3.75,0.9988938794663806,0.858600583090379,4,4
1,4,16384,27104.0,29600.0,43.34,51.99,8.649999999999999,43.23902404590981,51.990095185406915,76175104.0,3361280.0,76192768.0,415232.0,2934.4887839433295,2588.1081081081097,0.8819621742190619,38.35,33.79,-4.560000000000002,0.9631818313490339,0.9156756756756756,4,4
1,8,16384,39744.0,41120.0,40.66,50.05,9.39,40.64895601866745,50.0379026146333,152274432.0,3397632.0,152289536.0,3351808.0,3916.86956521739,3785.0521400778302,0.9663462305944202,51.11,49.38,-1.7299999999999969,0.9998026620884272,0.9665369649805448,4,4
1,16,16384,66944.0,66048.0,38.5,48.52,10.020000000000003,38.56871831726187,48.518302530244235,304473088.0,3163648.0,304481792.0,3672320.0,4595.43403441683,4665.608527131781,1.0152704820022198,59.93,60.86,0.9299999999999997,1.0016817757421532,1.0135658914728682,4,4
1,32,16384,121344.0,116064.0,37.49,47.57,10.079999999999998,37.64992209987549,47.5587618634638,608868608.0,3529984.0,608857344.0,3450880.0,5046.79746835443,5275.60849186655,1.0453378652396619,65.8,68.79,2.990000000000009,0.9998524359768612,1.045492142266336,4,4
1,64,16384,232384.0,219680.0,36.85,46.89,10.04,37.01190408429991,46.8841369948813,1218844928.0,3473408.0,1217622528.0,3696896.0,5259.907463508671,5559.53852876912,1.0569650830055815,68.56,72.47,3.9099999999999966,0.9991827726292081,1.0578295702840494,4,4
1,2,32768,26048.0,28928.0,42.98,52.28,9.300000000000004,42.919276476056815,52.26951619769716,75878656.0,3363328.0,75896832.0,481024.0,3042.1523341523302,2640.2743362831798,0.8678968198411634,39.72,34.45,-5.269999999999996,0.9638559276860105,0.9004424778761062,4,4
1,4,32768,40768.0,41664.0,40.83,50.25,9.420000000000002,40.79918426071071,50.19848940249138,151861760.0,4645376.0,151713024.0,4406784.0,3838.97017268446,3747.1152073732796,0.9760730192787745,50.08,48.89,-1.1899999999999977,0.9975251735486361,0.978494623655914,4,4
1,8,32768,64544.0,65312.0,38.91,48.6,9.690000000000005,38.958462117761236,48.64857100632208,303616000.0,3757312.0,303368192.0,3816704.0,4762.22905304909,4703.3454189123,0.9876352788828818,62.11,61.36,-0.75,0.9993870124937848,0.9882410583047526,4,4
1,16,32768,120352.0,117216.0,37.73,47.8,10.07,37.868094842932564,47.80052578045918,606493184.0,3698688.0,606499072.0,3664896.0,5070.06009040149,5205.46655746656,1.0267070734174173,66.1,67.89,1.7900000000000063,0.9999542701217757,1.0267540267540267,4,4
1,32,32768,231552.0,218464.0,37.14,47.32,10.18,37.31381942200775,47.314038821012545,1213153024.0,3701504.0,1212895232.0,3877632.0,5255.21061359867,5569.6721839754,1.0598380528390265,68.51,72.61,4.099999999999994,0.9999328892664481,1.059909184121869,4,4
1,64,32768,463040.0,426560.0,37.06,46.97,9.909999999999997,37.15924702928007,46.97009378198683,2425911040.0,4017152.0,2425686272.0,3582464.0,5247.771665514861,5695.022355588901,1.085226781685853,68.4,74.23,5.829999999999998,0.999728610910326,1.0855213803450863,4,4
1,2,65536,39968.0,40800.0,40.51,49.95,9.440000000000005,40.4689538414123,49.97472238097177,151400704.0,3577856.0,151414016.0,3461888.0,3877.56605284227,3795.9780392156804,0.9789589622678935,50.61,49.53,-1.0799999999999983,0.9993376116025339,0.9796078431372549,4,4
1,4,65536,64224.0,64992.0,39.01,48.87,9.86,39.08175401866494,48.78388924393689,302770688.0,3973376.0,302720256.0,3965440.0,4776.15944195316,4718.822255046771,0.9879951271302321,62.31,61.56,-0.75,0.9998097175891886,0.9881831610044313,4,4
1,8,65536,113056.0,112736.0,37.93,47.88,9.950000000000003,38.059529081010474,47.88833883598619,605976576.0,3498496.0,605329664.0,3380224.0,5390.9131050099,5399.42776043145,1.001579445866719,70.28,70.4,0.12000000000000455,0.9987445196117881,1.0028384899233607,4,4
1,16,65536,232288.0,218528.0,37.18,47.43,10.25,37.371286340302426,47.43500843342237,1211449088.0,3683584.0,1210545408.0,3691008.0,5231.14698994352,5556.43403133695,1.0621827377473372,68.19,72.43,4.240000000000009,0.9992624212806945,1.0629667594084053,4,4
1,32,65536,463840.0,428352.0,37.2,47.19,9.989999999999995,37.30719082041433,47.18775084779529,2421549824.0,4111360.0,2420939520.0,3851008.0,5229.521352190409,5660.74286568056,1.082459078842757,68.17,73.79,5.6200000000000045,0.9996410644628595,1.082847751382041,4,4
1,64,65536,947328.0,863936.0,37.13,47.01,9.879999999999995,37.18088735130655,47.01423065420464,4841959168.0,5415936.0,4842296576.0,3794688.0,5116.892041616,5609.31743092081,1.0962352508710138,66.7,73.11,6.409999999999997,0.9997351473792608,1.096525668568042,4,4
1,2,131072,67168.0,66304.0,38.82,48.47,9.649999999999999,38.91229684287464,48.5306651717726,302399488.0,3245568.0,302411520.0,3693824.0,4550.45640781325,4616.69498069498,1.0145564679551695,59.36,60.22,0.8599999999999994,1.0015059559805215,1.013030888030888,4,4
1,4,131072,114496.0,111360.0,37.79,47.93,10.14,37.96067296395034,47.92692562521392,606749696.0,3197184.0,604741376.0,3685376.0,5327.23309111236,5463.602298850569,1.0255985059046355,69.45,71.24,1.789999999999992,0.9975077698569423,1.02816091954023,4,4
1,8,131072,217696.0,206528.0,37.4,47.47,10.07,37.5724660144262,47.48287738676047,1210073856.0,3437568.0,1209375232.0,3578880.0,5574.339556078199,5873.073442826149,1.0535909023378769,72.67,76.57,3.8999999999999915,0.9995407443317155,1.0540749922528665,4,4
1,16,131072,463232.0,427712.0,37.26,47.24,9.980000000000004,37.33994310054138,47.24958171098987,2419231232.0,4050944.0,2418579712.0,3881984.0,5231.24951644101,5663.76836749963,1.0826798358019971,68.19,73.83,5.640000000000001,0.9996614178868124,1.0830465359868322,4,4
1,32,131072,948448.0,863744.0,37.2,47.12,9.919999999999995,37.252283204406375,47.119011320093705,4837824256.0,8635648.0,4836999680.0,3864064.0,5109.884678970269,5604.5121517486605,1.0967981674447627,66.6,73.05,6.450000000000003,0.9988453097496213,1.09806609365738,4,4
1,64,131072,1948352.0,1765728.0,37.15,47.04,9.89,37.166333381413246,47.03433622990286,9674352640.0,7820800.0,9673875456.0,5291264.0,4969.41694313964,5481.686148716,1.1030843681336813,64.77,71.45,6.680000000000007,0.9996894581553788,1.1034270283984848,4,4
1,2,262144,121504.0,117248.0,37.86,47.85,9.990000000000002,38.021637269045435,47.850146585899225,604423424.0,3142656.0,604441600.0,3696128.0,5000.37924677377,5186.76419213974,1.0372741618520684,65.2,67.63,2.4299999999999926,1.0009408820189567,1.0362991266375545,4,4
1,4,262144,218240.0,207808.0,37.36,47.49,10.130000000000003,37.526094390657455,47.49840084257807,1210003712.0,3484928.0,1208757760.0,3731200.0,5560.34017595308,5834.6596858638795,1.0493350228997058,72.49,76.05,3.5600000000000023,0.9991761933593379,1.0502001847859563,4,4
1,8,262144,440256.0,405792.0,37.29,47.27,9.980000000000004,37.38521395155395,47.27389093745184,2418226944.0,4524544.0,2417371136.0,3904256.0,5503.05160633813,5966.78936992351,1.0842692013011963,71.73,77.78,6.049999999999997,0.9993907356956291,1.0849302105512184,4,4
1,16,262144,947744.0,863552.0,37.19,47.15,9.96,37.26202407209642,47.15199998307564,4836026112.0,8418048.0,4834660608.0,3795968.0,5111.553499679239,5602.970725561399,1.0961385273406603,66.63,73.03,6.400000000000006,0.9987640307531174,1.0974949974060624,4,4
1,32,262144,1949824.0,1764480.0,37.18,47.08,9.899999999999999,37.19524573442422,47.08968426864923,9670918912.0,12552192.0,9669058304.0,7212544.0,4966.33086063152,5483.92208922742,1.1042200455670168,64.73,71.48,6.75,0.9992564385309081,1.1050417120058034,4,4
1,64,262144,3954688.0,3585280.0,37.17,47.04,9.869999999999997,37.18484043608765,47.04398657750711,19339793152.0,8057856.0,19338319872.0,6003456.0,4892.38367426204,5395.48468404142,1.1028335149645163,63.77,70.33,6.559999999999995,0.9998176707067601,1.103034630489111,4,4
1,2,524288,231840.0,219328.0,37.31,47.45,10.14,37.46758032704602,47.455281017307726,1209420800.0,3831040.0,1208455168.0,3397632.0,5233.14285714285,5525.299095418731,1.0558280647502503,68.22,72.03,3.8100000000000023,0.9988468676049979,1.0570469798657718,4,4
1,4,524288,438336.0,404800.0,37.3,47.29,9.990000000000002,37.3887361942686,47.28469227072791,2417235712.0,4870144.0,2416840192.0,3902464.0,5525.68316542561,5980.095494071149,1.082236406801029,72.03,77.95,5.920000000000002,0.9994371839708727,1.0828458498023716,4,4
1,8,524288,916192.0,825696.0,37.21,47.16,9.949999999999996,37.2697476634717,47.164795303312516,4835016704.0,10448384.0,4833517824.0,3923200.0,5288.70049945863,5858.622330736739,1.1077621679156249,68.94,76.37,7.430000000000007,0.9983440054041722,1.109599658954385,4,4
1,16,524288,1950848.0,1764128.0,37.19,47.1,9.910000000000004,37.204468225067195,47.10376625918937,9667697920.0,12025856.0,9666980608.0,7133952.0,4961.803162522139,5483.794010411941,1.1052018451341523,64.67,71.48,6.810000000000002,0.9994205190013885,1.1058426599430426,4,4
1,32,524288,3954880.0,3593888.0,37.19,47.08,9.89,37.205166728974824,47.0744860045433,19334850048.0,11782144.0,19333654528.0,8556032.0,4891.83798041913,5381.97366195051,1.1001945860621871,63.76,70.15,6.390000000000008,0.9997714521082471,1.1004460906962041,4,4
1,64,524288,7956320.0,7199648.0,37.2,47.05,9.849999999999994,37.201731210246756,47.05151949093857,38674421504.0,7729408.0,38666862080.0,5940224.0,4861.81437046272,5371.485148162801,1.104831393974339,63.37,70.01,6.640000000000008,0.9997583224360697,1.1050984714808278,4,4
1,2,1048576,464352.0,428032.0,37.27,47.26,9.989999999999995,37.368865394292584,47.261377925295896,2417234944.0,4162816.0,2416549120.0,3590912.0,5214.573771621529,5654.110047846891,1.0842899718127266,67.97,73.7,5.730000000000004,0.999480577697404,1.0848534688995215,4,4
1,4,1048576,915744.0,825088.0,37.2,47.17,9.969999999999999,37.25209798864226,47.16932582349464,4834943744.0,11385856.0,4832907520.0,4311552.0,5292.23189013523,5862.6704933292,1.1077879078309614,68.98,76.42,7.439999999999998,0.9981201179548332,1.1098743406763885,4,4
1,8,1048576,1899520.0,1692160.0,37.19,47.11,9.920000000000002,37.211461296444746,47.11145821569412,9669226240.0,13809152.0,9665651712.0,8833280.0,5097.62223719676,5717.24009077155,1.1215503669639368,66.44,74.52,8.079999999999998,0.9991169711093832,1.1225416036308624,4,4
1,16,1048576,3955040.0,3588352.0,37.2,47.08,9.879999999999995,37.20815313453294,47.08129934786231,19332921344.0,12179712.0,19330964480.0,8780544.0,4891.252947125689,5389.589712491979,1.1018832537906538,63.75,70.25,6.5,0.9997231323845507,1.1021884140686309,4,4
1,32,1048576,7940448.0,7189568.0,37.2,47.07,9.869999999999997,37.202508906927285,47.06514572148984,38668263936.0,12514816.0,38662588160.0,8752128.0,4871.359745948851,5378.8127865262595,1.1041707176316469,63.49,70.11,6.619999999999997,0.9997559908485681,1.104440211150378,4,4
1,64,1048576,15897600.0,14384320.0,37.18,47.05,9.869999999999997,37.18620058280215,47.054908163407354,77351213056.0,8448256.0,77326052096.0,4720384.0,4866.122012882441,5376.046450579521,1.1047907217178525,63.42,70.07,6.6499999999999915,0.9996265646525585,1.105203443749861,4,4
4,2,512,12448.0,15264.0,68.92,73.26,4.340000000000003,68.6332281464663,72.65604768011697,2436352.0,0.0,2455552.0,0.0,195.72236503855999,160.87211740042002,0.8219403917826459,2.56,2.1,-0.45999999999999996,1.0078806346537774,0.8155136268343816,4,4
4,4,512,12032.0,14752.0,72.18,73.03,0.8499999999999943,69.29201463853903,72.68988977744874,4795648.0,0.0,4813568.0,0.0,398.57446808510997,326.29934924078003,0.8186659592332527,5.21,4.26,-0.9500000000000002,1.0037367212939732,0.8156182212581344,4,4
4,8,512,14496.0,18240.0,68.39,71.96,3.569999999999993,68.16851362509318,72.24378134749274,9515264.0,0.0,9537024.0,0.0,656.40618101545,522.86315789474,0.7965542875996062,8.58,6.83,-1.75,1.0022868519465147,0.7947368421052632,4,4
4,16,512,18496.0,22400.0,63.04,68.11,5.07,63.039161347296734,67.87992060665019,18953472.0,0.0,18975744.0,0.0,1024.73356401384,847.1314285714301,0.8266845727715315,13.37,11.06,-2.3099999999999987,1.00117508813161,0.8257142857142857,4,4
4,32,512,28416.0,33184.0,63.07,67.9,4.830000000000005,63.2869789097225,68.12722153316723,37828608.0,33792.0,37960704.0,108288.0,1332.43243243243,1147.2092574734802,0.8609886922214776,17.38,14.97,-2.4099999999999984,1.0054563894523327,0.8563162970106075,4,4
4,64,512,48224.0,53184.0,63.49,68.28,4.789999999999999,63.51976240807651,68.47159960553637,75587584.0,3365376.0,75611392.0,2851072.0,1637.21300597213,1475.3020457280397,0.9011057451574834,21.36,19.26,-2.099999999999998,0.9937874906779935,0.9067388688327317,4,4
4,2,1024,12896.0,15488.0,72.72,76.35,3.6299999999999955,72.82036057118574,76.15844875206007,3616256.0,0.0,3634944.0,0.0,280.41687344913,234.69421487603,0.8369475488022141,3.67,3.07,-0.6000000000000001,1.0051677757326916,0.8326446280991735,4,4
4,4,1024,14464.0,17792.0,71.35,76.63,5.280000000000001,71.43006356564594,76.39436243403914,7156480.0,0.0,7177472.0,0.0,494.77876106195004,403.41007194245003,0.8153342537917468,6.47,5.28,-1.1899999999999995,1.0029332856376318,0.8129496402877698,4,4
4,8,1024,17728.0,21280.0,70.86,76.41,5.549999999999997,70.9504773263244,76.68116407367407,14234112.0,0.0,14255616.0,0.0,802.91696750903,669.90676691729,0.8343412756559487,10.49,8.75,-1.7400000000000002,1.001510737023848,0.8330827067669173,4,4
4,16,1024,24448.0,28576.0,68.26,75.1,6.839999999999989,68.45476451455565,74.94449330701904,28391424.0,512.0,28412928.0,0.0,1161.31937172775,994.2933930571099,0.8561756716224,15.17,12.99,-2.1799999999999997,1.0007393648675456,0.8555431131019037,4,4
4,32,1024,40704.0,44352.0,68.68,75.2,6.519999999999996,68.66128934462516,75.2422732296642,56709632.0,2061568.0,56731648.0,9728.0,1443.8679245283,1279.341991342,0.8860519508804455,18.85,16.68,-2.1700000000000017,0.9654622672329304,0.9177489177489178,4,4
4,64,1024,72576.0,76576.0,68.96,75.65,6.690000000000012,68.88106672013635,75.48231504080856,113346560.0,12246784.0,113419776.0,4945408.0,1730.5079365079403,1545.7216882574198,0.8932184913156724,22.57,20.16,-2.41,0.9424479055195791,0.9477643125783536,4,4
4,2,2048,14464.0,18656.0,74.01,78.88,4.86999999999999,73.93060036396027,78.83653506497411,5976576.0,0.0,5999104.0,0.0,413.20353982301003,321.56432246997997,0.7782225742976877,5.41,4.2,-1.21,1.0037693823353038,0.7753001715265866,4,4
4,4,2048,17344.0,20864.0,73.08,79.99,6.909999999999997,73.2132218827232,79.55256929785945,11875072.0,0.0,11896576.0,0.0,684.6789667896701,570.1963190184,0.8327936838660934,8.94,7.44,-1.4999999999999991,1.0018108521784121,0.8312883435582822,4,4
4,8,2048,23392.0,26688.0,73.12,80.58,7.459999999999994,73.27103964989455,80.51656934310617,23672064.0,1792.0,23693824.0,0.0,1012.04924760602,887.80815347722,0.8772380944675474,13.23,11.59,-1.6400000000000006,1.0008434620874604,0.8764988009592326,4,4
4,16,2048,36448.0,40160.0,72.16,79.79,7.63000000000001,72.05790582398447,79.88734832029454,47268096.0,361472.0,47289088.0,512.0,1306.78138718174,1177.52988047808,0.9010917143666936,17.06,15.37,-1.6899999999999995,0.9928622489290686,0.9075697211155378,4,4
4,32,2048,65568.0,68000.0,71.88,80.12,8.240000000000009,72.18200541125768,80.17160897937175,94475520.0,3476736.0,94483712.0,2335488.0,1493.90336749634,1423.8117647058898,0.9530815685167655,19.48,18.57,-0.9100000000000001,0.9884325686179193,0.9642352941176471,4,4
4,64,2048,121856.0,124544.0,72.18,80.36,8.179999999999993,72.28469935624844,80.31516138004346,189221888.0,22135808.0,188914688.0,13080832.0,1734.48739495798,1621.88078108942,0.9350778713088957,22.61,21.15,-1.4600000000000009,0.9557045890583515,0.9784172661870504,4,4
4,2,4096,17472.0,21504.0,75.01,81.21,6.199999999999989,74.86656861328521,81.2574337922001,10695168.0,0.0,10719488.0,0.0,612.13186813187,498.48809523809996,0.8143475633108387,7.99,6.51,-1.4800000000000004,1.002273924074872,0.8125,4,4
4,4,4096,22848.0,26432.0,74.91,82.44,7.530000000000001,74.6897175687118,82.23726249477855,21312512.0,512.0,21334528.0,0.0,932.81792717087,807.14769975787,0.8652789319839259,12.18,10.54,-1.6400000000000006,1.0010089605304249,0.864406779661017,4,4
4,8,4096,35808.0,38752.0,74.63,84.01,9.38000000000001,74.7005322464895,83.17916406687571,42547456.0,873728.0,42568960.0,256.0,1212.61126005362,1098.50371593724,0.905899320025006,15.83,14.34,-1.4900000000000002,0.9803789781503885,0.9240297274979355,4,4
4,16,4096,61440.0,63936.0,74.13,84.51,10.38000000000001,74.19901087365862,83.15053822114798,85036800.0,3520256.0,85040896.0,194048.0,1441.3583333333302,1333.1291291291302,0.9249116602712486,18.8,17.39,-1.4100000000000001,0.9624861964697652,0.960960960960961,4,4
4,32,4096,114816.0,116384.0,73.52,82.9,9.38000000000001,73.97158341855662,83.09388774281175,173769216.0,11952128.0,170617600.0,3194368.0,1617.5562987736898,1493.43524883146,0.9232663184358225,21.09,19.47,-1.620000000000001,0.9358750279127853,0.9865273577124003,4,4
4,64,4096,221792.0,219872.0,73.77,83.51,9.740000000000009,74.11964810469593,83.06336012897843,347545856.0,23142144.0,344392960.0,22665472.0,1671.33169816765,1669.4187163440497,0.9988554146219463,21.79,21.76,-0.029999999999997584,0.9902085635359116,1.008732353369233,4,4
4,2,8192,23904.0,27360.0,75.86,82.63,6.769999999999996,75.62091891405957,83.23799387554145,20134144.0,1280.0,20156160.0,0.0,842.3453815261101,736.7017543859599,0.8745839539729516,11.0,9.62,-1.3800000000000008,1.0010298268365245,0.8736842105263158,4,4
4,4,8192,35232.0,37856.0,75.73,83.3,7.569999999999993,75.57887853334071,84.04650443675766,40190464.0,888320.0,40210432.0,0.0,1165.95095367848,1062.19442096365,0.9110112373187855,15.22,13.85,-1.370000000000001,0.9788613022235517,0.9306846999154691,4,4
4,8,8192,60192.0,62048.0,75.71,84.31,8.600000000000009,75.63824275986131,84.63742385011884,80321536.0,3294464.0,80321024.0,1277440.0,1389.15470494418,1315.08612686952,0.9466808284123861,18.12,17.15,-0.9700000000000024,0.9758714121699197,0.9700876740587931,4,4
4,16,8192,111136.0,112032.0,75.4,84.64,9.239999999999995,75.39623880027726,84.68516165740212,160612352.0,3236608.0,160551936.0,3445504.0,1474.3103944716402,1463.8446158240502,0.9929012379707594,19.23,19.09,-0.14000000000000057,1.0009062004421634,0.992002285061411,4,4
4,32,8192,214336.0,210784.0,75.35,84.86,9.510000000000005,75.16385638860018,84.13705524585106,330422528.0,12884992.0,339101440.0,13177088.0,1601.7258883248799,1671.27736450585,1.0434228332625057,20.88,21.79,0.9100000000000001,1.0261311141684284,1.016851373918324,4,4
4,64,8192,427808.0,416416.0,75.2,83.86,8.659999999999997,75.26183367876764,83.85037869690275,660769792.0,32247552.0,691757312.0,23483648.0,1619.9260976886899,1717.61161915008,1.0603024555260687,21.12,22.39,1.2699999999999996,1.0320679073798187,1.027357258126489,4,4
4,2,16384,34656.0,48992.0,76.13,85.47,9.340000000000003,76.07174489346323,84.6355621224914,39016960.0,954624.0,39031808.0,0.0,1153.38134810711,796.6975832789,0.6907494945937983,15.06,10.4,-4.66,0.9764888977129352,0.7073807968647943,4,4
4,4,16384,59680.0,61920.0,75.83,85.45,9.620000000000005,76.01357645856775,85.20236046316877,77949440.0,3469056.0,77961984.0,735488.0,1364.2509383378,1270.9540051679598,0.9316130701852308,17.8,16.57,-1.2300000000000004,0.9665797805943259,0.9638242894056848,4,4
4,8,16384,110464.0,112544.0,76.09,86.66,10.569999999999993,76.13875615534315,85.54112250469893,155825408.0,3546112.0,155864832.0,3246592.0,1442.74623406721,1413.77082740973,0.9799164912211926,18.81,18.44,-0.36999999999999744,0.9983679894626091,0.9815183394938868,4,4
4,16,16384,211296.0,210016.0,75.83,85.09,9.260000000000005,75.98749152935923,85.44294685639059,311569920.0,3513600.0,311581952.0,3688448.0,1491.19491140391,1501.1732439433201,1.0066915012002124,19.44,19.57,0.129999999999999,1.0005931125817054,1.0060947737315251,4,4
4,32,16384,416416.0,405472.0,75.68,84.25,8.569999999999993,75.52195300550025,84.87966524743803,642502400.0,13317888.0,660756992.0,13413120.0,1574.91616076232,1662.67982006156,1.0557259246465278,20.53,21.67,1.1400000000000006,1.0279799578264952,1.0269907663167863,4,4
4,64,16384,847264.0,815200.0,75.48,84.4,8.920000000000002,75.50268638375753,84.57795292331063,1300265728.0,32722944.0,1359065088.0,32749568.0,1573.28609736752,1707.32906771344,1.0851993611144253,20.51,22.25,1.7399999999999984,1.0441308956600046,1.039332679097154,4,4
4,2,32768,56960.0,90304.0,76.21,85.43,9.220000000000013,76.43422828906378,85.373687692711,76767744.0,3097856.0,76787712.0,766976.0,1402.1348314606698,858.81785967399,0.6125073283995941,18.29,11.2,-7.09,0.9710649891818255,0.6307583274273565,4,4
4,4,32768,110496.0,112032.0,76.42,85.38,8.959999999999994,76.32446894061269,85.64387772982266,153463552.0,3517184.0,153465856.0,3124992.0,1420.6915725456101,1397.7332190802697,0.9838400157296608,18.52,18.22,-0.3000000000000007,0.9975163321950535,0.9862896315338475,4,4
4,8,32768,210880.0,210272.0,76.31,86.12,9.810000000000002,76.3847959132584,86.1157327364635,306836736.0,3234048.0,306847744.0,3500544.0,1470.3660091047,1475.9373002587101,1.0037890505625893,19.17,19.24,0.06999999999999673,1.0008949698401768,1.0028914929234516,4,4
4,16,32768,410784.0,404736.0,75.77,86.24,10.469999999999999,75.77547533103443,86.04419145154914,624140032.0,3627264.0,613817600.0,3670016.0,1528.2174962997601,1525.6552814674299,0.9983233964808451,19.92,19.89,-0.030000000000001137,0.9836250150883935,1.014943074003795,4,4
4,32,32768,830784.0,798784.0,75.28,85.03,9.75,75.27317184384798,85.290143749543,1341347072.0,13972224.0,1302514432.0,13120000.0,1631.37385409445,1647.0465507571498,1.0096070539707156,21.26,21.47,0.2099999999999973,0.9707191773059505,1.040060892556686,4,4
4,64,32768,1727648.0,1627040.0,70.99,84.58,13.590000000000003,71.04748446440615,84.96475044353093,3436133632.0,32478720.0,2681032960.0,33363712.0,2007.70779232807,1668.30358934015,0.8309494019573643,26.17,21.75,-4.420000000000002,0.7825598240849486,1.06183498869112,4,4
4,2,65536,101632.0,171104.0,76.96,85.53,8.570000000000007,76.63076421835771,85.62924966619374,152294400.0,3707392.0,155284736.0,3599616.0,1534.9672544080597,928.58350476903,0.6049532992331659,20.01,12.11,-7.900000000000002,1.0184777364608735,0.5939779315504021,4,4
4,4,65536,211328.0,209632.0,76.29,85.79,9.5,76.45514581637636,86.09471896899282,304499968.0,3558144.0,304524800.0,3667968.0,1457.72501514234,1470.16089146695,1.0085310166152262,19.0,19.17,0.1700000000000017,1.0004371123328835,1.008090367882766,4,4
4,8,65536,415232.0,403328.0,75.79,86.53,10.739999999999995,76.05120370514204,86.22224974562074,615306752.0,3720448.0,608894464.0,3776512.0,1490.79839704069,1519.03903522691,1.018943297928331,19.43,19.8,0.370000000000001,0.9897319148496221,1.0295144398603617,4,4
4,16,65536,828192.0,798208.0,73.99,87.77,13.780000000000001,73.68236681628963,86.4588019494148,1451460352.0,4504576.0,1217609984.0,3309824.0,1758.0040956686298,1529.57601026299,0.8700639628949438,22.91,19.94,-2.969999999999999,0.8385640234323007,1.0375641436818472,4,4
4,32,65536,1696128.0,1586560.0,69.19,86.35,17.159999999999997,69.17959420399919,85.65937038614237,3740361728.0,15361536.0,2587246592.0,13405696.0,2214.29235529394,1639.17676482453,0.7402711574673411,28.86,21.37,-7.489999999999998,0.6924504563284032,1.0690601048810005,4,4
4,64,65536,3576640.0,3251616.0,62.45,83.99,21.539999999999992,62.919496323388586,84.52772221369797,9953818368.0,34396928.0,5548344064.0,32625664.0,2792.6252840654897,1716.36802377648,0.614607349424911,36.4,22.37,-14.029999999999998,0.5587554495581429,1.0999576825799848,4,4
4,2,131072,196544.0,325664.0,77.24,85.35,8.11,76.76680472636342,85.7376801281822,303395584.0,3535360.0,315782144.0,4007936.0,1561.6398567242,981.96325046673,0.6288026309257767,20.36,12.8,-7.559999999999999,1.0418958604577844,0.6035177360715338,4,4
4,4,131072,413440.0,403936.0,76.03,86.78,10.75,76.04527789007506,86.41874224902134,614291456.0,3793664.0,606510592.0,3850496.0,1494.98142414861,1511.03414402282,1.010737738686855,19.49,19.7,0.21000000000000085,0.9875032875730773,1.0235284797591697,4,4
4,8,131072,826208.0,794080.0,74.27,88.52,14.25,74.17246713472545,86.58059327593345,1416832768.0,5268480.0,1212926208.0,4245760.0,1721.23877764437,1532.80773725569,0.8905259149189281,22.44,19.98,-2.460000000000001,0.8558968425854303,1.0404593995567197,4,4
4,16,131072,1697504.0,1591488.0,69.93,86.04,16.11,68.96300290279177,86.40950598662275,3898211584.0,6371584.0,2428413952.0,4804352.0,2300.19084962392,1528.8951622632403,0.6646818730338024,29.98,19.93,-10.05,0.623169797980341,1.0666143885470705,4,4
4,32,131072,3519200.0,3200352.0,62.43,85.27,22.839999999999996,62.30450774805898,85.6278048625238,10013001728.0,15237632.0,5159657216.0,15380480.0,2849.57926801546,1617.02140764516,0.5674597038921141,37.14,21.08,-16.060000000000002,0.5160464873467081,1.0996290408055114,4,4
4,64,131072,7247552.0,6498400.0,59.35,85.04,25.690000000000005,59.495028265739556,84.56636426927426,22043723776.0,34851840.0,10958794240.0,33626624.0,3046.3493902492896,1691.55805490582,0.5552738173500827,39.71,22.05,-17.66,0.4978772659606702,1.1152825310845746,4,4
4,2,262144,384864.0,637248.0,76.31,86.24,9.929999999999993,76.63945508161873,85.73656748222282,611335680.0,3867648.0,636572928.0,4800256.0,1598.4953853828902,1006.47343577383,0.6296379989440807,20.84,13.12,-7.720000000000001,1.0425385475157898,0.6039469719795119,4,4
4,4,262144,825120.0,793152.0,74.4,85.74,11.33999999999999,74.4322195102574,86.37525421520377,1422697216.0,6391040.0,1210492160.0,3856896.0,1731.97626527051,1531.04203986121,0.8839855779559906,22.58,19.96,-2.6199999999999974,0.849736922056128,1.0403050108932461,4,4
4,8,262144,1700992.0,1593696.0,68.75,85.85,17.099999999999994,69.02363915575044,86.38492410355447,3916570624.0,8914688.0,2421877760.0,6814976.0,2307.76235984649,1523.93727285505,0.6603527726123501,30.08,19.86,-10.219999999999999,0.6186987195126206,1.0673252615304298,4,4
4,16,262144,3466592.0,3192192.0,66.27,86.83,20.560000000000002,66.35686009541563,86.51324794111459,8940430592.0,7781888.0,4852563712.0,5431552.0,2581.27073506199,1521.83680179638,0.5895688434091485,33.64,19.84,-13.8,0.5429011967315287,1.0859597417699185,4,4
4,32,262144,7050752.0,6400928.0,61.68,85.9,24.220000000000006,62.1671978707886,85.72459909354568,20354657792.0,16721408.0,10313377280.0,15362304.0,2889.2491467576797,1613.6315834204,0.5584951319380747,37.66,21.03,-16.629999999999995,0.5070221059946692,1.1015202795594639,4,4
4,64,262144,14486048.0,12900864.0,58.46,85.62,27.160000000000004,58.11325434447909,85.28390655281027,45824456960.0,35201280.0,21280359424.0,33508096.0,3165.7811875261,1652.1271381513698,0.5218702873910325,41.26,21.53,-19.729999999999997,0.46476289484009903,1.1228742509028853,4,4
4,2,524288,775808.0,1269312.0,75.52,85.89,10.370000000000005,75.70886336180828,85.67720102429082,1325455360.0,5237760.0,1275409408.0,12826624.0,1715.23510971786,1014.9088892250301,0.5917024922559876,22.36,13.23,-9.129999999999999,0.9680940050249903,0.6112035496394898,4,4
4,4,524288,1702592.0,1584352.0,68.1,86.68,18.580000000000013,68.47925374194016,86.40638090286416,4025815296.0,9893632.0,2421980416.0,6579200.0,2370.3323685298697,1532.84094443659,0.6466776409872386,30.9,19.98,-10.919999999999998,0.6017677833875734,1.074629880228636,4,4
4,8,524288,3464096.0,3193632.0,66.28,86.06,19.78,65.9353323723771,86.46868834061686,8834513152.0,12305664.0,4864193024.0,8090624.0,2553.86075212696,1525.6246330197,0.5973797246968525,33.29,19.89,-13.399999999999999,0.5507384913533194,1.0846885301750484,4,4
4,16,524288,6959648.0,6406432.0,65.22,88.46,23.239999999999995,65.27613750766437,86.59898088014539,18541189120.0,7843840.0,9724130560.0,5971456.0,2665.22573555444,1518.80204394584,0.5698586891477272,34.74,19.8,-14.940000000000001,0.5245611475801701,1.086353215018906,4,4
4,32,524288,14124032.0,12720192.0,61.47,85.99,24.519999999999996,61.471767953173,85.71790820929206,42089922816.0,17070080.0,20616168704.0,15731456.0,2981.23035235264,1621.9802468390499,0.5440640457585114,38.86,21.14,-17.72,0.4899874994863371,1.1103631140158892,4,4
4,64,524288,29928544.0,25844896.0,57.79,83.4,25.610000000000007,54.04023030092101,80.60789260191333,94201124096.0,35991808.0,48155561984.0,34577664.0,3148.7370686659497,1864.5901940561098,0.5921708143278205,41.04,24.3,-16.74,0.5113711215132223,1.1580059753384189,4,4
4,2,1048576,1611840.0,2552576.0,69.17,86.16,16.989999999999995,68.79787540176143,85.8205935865469,3800645888.0,10568192.0,2551775232.0,12778496.0,2364.51141552512,1004.6924079831499,0.42490486676716843,30.82,13.1,-17.72,0.6728967919849834,0.6314562230468358,4,4
4,4,1048576,3458432.0,3195808.0,66.16,86.82,20.659999999999997,66.14429443801036,86.45983453433803,8808197632.0,12007168.0,4885157120.0,8085760.0,2550.34790332729,1531.1441989005598,0.6003667958018454,33.24,19.96,-13.280000000000001,0.5547765602903008,1.08217765272507,4,4
4,8,1048576,6941696.0,6402528.0,65.38,85.88,20.5,64.9143815761603,86.34701379838671,18439324672.0,11763968.0,9806321152.0,7851264.0,2658.0087402271797,1532.8589607105198,0.5766944771519098,34.64,19.98,-14.66,0.5319020794645101,1.0842117363641361,4,4
4,16,1048576,13949920.0,12718816.0,63.85,87.09,23.240000000000002,63.49838816959199,86.55520181406727,39095967744.0,8380160.0,19377717248.0,5958400.0,2803.1951368896803,1524.01572976604,0.5436709381056613,36.54,19.86,-16.68,0.4956910596127659,1.0967939154084783,4,4
4,32,1048576,29065536.0,25396352.0,54.52,85.84,31.32,59.44468007038842,85.72479581066749,102971921408.0,18821632.0,41343134208.0,16169728.0,3543.39734316271,1628.55294870696,0.4596021250197619,46.18,21.23,-24.95,0.4015827317600446,1.1444768130477951,4,4
4,64,1048576,63251904.0,53188480.0,48.34,76.07,27.72999999999999,48.54293589883051,71.30966908835902,239193166848.0,39603456.0,143179826688.0,36676096.0,3782.22243403139,2692.62259015486,0.7119154510658569,49.3,35.1,-14.199999999999996,0.5986491842317867,1.1892030755532026,4,4
