batch_size,seqlen_q,seqlen_k,standard_ms,localized_ms,speedup,kv_gib_per_layout,owner_batch_counts,owner_tile_counts,owner_wave_counts,localized_theoretical_active_cluster_fraction
2,128,512,0.047200001776218414,0.04896000027656555,0.9640523184149256,0.0010986328125,"[1, 1]","[128, 128]","[4, 4]",1.0
4,128,512,0.07788799703121185,0.07971200346946716,0.9771175436713998,0.002197265625,"[2, 2]","[256, 256]","[7, 7]",1.0
8,128,512,0.1536479964852333,0.15758399665355682,0.9750228433603148,0.00439453125,"[4, 4]","[512, 512]","[14, 14]",1.0
16,128,512,0.30519999563694,0.31118398904800415,0.9807702400455409,0.0087890625,"[8, 8]","[1024, 1024]","[28, 28]",1.0
32,128,512,0.6118240058422089,0.6221120059490204,0.9834627848226183,0.017578125,"[16, 16]","[2048, 2048]","[56, 56]",1.0
64,128,512,1.224240005016327,1.258959949016571,0.9724217247519547,0.03515625,"[32, 32]","[4096, 4096]","[111, 111]",1.0
2,128,1024,0.06968000158667564,0.07147200033068657,0.9749272619246739,0.002197265625,"[1, 1]","[128, 128]","[4, 4]",1.0
4,128,1024,0.12700799852609634,0.12886400520801544,0.9855971675028796,0.00439453125,"[2, 2]","[256, 256]","[7, 7]",1.0
8,128,1024,0.2539519965648651,0.2564160078763962,0.9903905714314106,0.0087890625,"[4, 4]","[512, 512]","[14, 14]",1.0
16,128,1024,0.5101599991321564,0.5139839947223663,0.9925600881944281,0.017578125,"[8, 8]","[1024, 1024]","[28, 28]",1.0
32,128,1024,1.0292160511016846,1.0346959829330444,0.994703824194015,0.03515625,"[16, 16]","[2048, 2048]","[56, 56]",1.0
64,128,1024,2.057200074195862,2.077631950378418,0.9901657864960949,0.0703125,"[32, 32]","[4096, 4096]","[111, 111]",1.0
2,128,2048,0.12091199681162834,0.12272000312805176,0.9852672240031085,0.00439453125,"[1, 1]","[128, 128]","[4, 4]",1.0
4,128,2048,0.2263679951429367,0.22732799500226974,0.9957770275529705,0.0087890625,"[2, 2]","[256, 256]","[7, 7]",1.0
8,128,2048,0.45267200469970703,0.45656000077724457,0.9914841508872467,0.017578125,"[4, 4]","[512, 512]","[14, 14]",1.0
16,128,2048,0.9149920046329498,0.9235519766807556,0.9907314669190895,0.03515625,"[8, 8]","[1024, 1024]","[28, 28]",1.0
32,128,2048,1.85862398147583,1.8401919603347778,1.0100163578248103,0.0703125,"[16, 16]","[2048, 2048]","[56, 56]",1.0
64,128,2048,3.720960021018982,3.7150720357894897,1.001584891267994,0.140625,"[32, 32]","[4096, 4096]","[111, 111]",1.0
2,128,4096,0.22735999524593353,0.22615999728441238,1.005305969118898,0.0087890625,"[1, 1]","[128, 128]","[4, 4]",1.0
4,128,4096,0.42208001017570496,0.42577600479125977,0.9913193919479638,0.017578125,"[2, 2]","[256, 256]","[7, 7]",1.0
8,128,4096,0.8525599837303162,0.8579840064048767,0.993678177408821,0.03515625,"[4, 4]","[512, 512]","[14, 14]",1.0
16,128,4096,1.7255200147628784,1.7356640100479126,0.9941555535942961,0.0703125,"[8, 8]","[1024, 1024]","[28, 28]",1.0
32,128,4096,3.4684799909591675,3.456480026245117,1.0034717298011082,0.140625,"[16, 16]","[2048, 2048]","[56, 56]",1.0
64,128,4096,6.909135937690735,6.907600045204163,1.0002223482072676,0.28125,"[32, 32]","[4096, 4096]","[111, 111]",1.0
2,128,8192,0.43425600230693817,0.4360640048980713,0.9958538137272859,0.017578125,"[1, 1]","[128, 128]","[4, 4]",1.0
4,128,8192,0.8166479915380478,0.8182239830493927,0.998073887414701,0.03515625,"[2, 2]","[256, 256]","[7, 7]",1.0
8,128,8192,1.6352319717407227,1.643504023551941,0.9949668198600812,0.0703125,"[4, 4]","[512, 512]","[14, 14]",1.0
16,128,8192,3.3003839254379272,3.303215980529785,0.9991426370214509,0.140625,"[8, 8]","[1024, 1024]","[28, 28]",1.0
32,128,8192,6.592080116271973,6.614040017127991,0.9966798052628727,0.28125,"[16, 16]","[2048, 2048]","[56, 56]",1.0
64,128,8192,13.277455806732178,13.315567970275879,0.9971377740980498,0.5625,"[32, 32]","[4096, 4096]","[111, 111]",1.0
2,128,16384,0.8562720119953156,0.8621599972248077,0.9931706582902884,0.03515625,"[1, 1]","[128, 128]","[4, 4]",1.0
4,128,16384,1.6169599890708923,1.6168320178985596,1.0000791493308618,0.0703125,"[2, 2]","[256, 256]","[7, 7]",1.0
8,128,16384,3.226096034049988,3.2342079877853394,0.997491826819429,0.140625,"[4, 4]","[512, 512]","[14, 14]",1.0
16,128,16384,6.498287916183472,6.474247932434082,1.0037131700855872,0.28125,"[8, 8]","[1024, 1024]","[28, 28]",1.0
32,128,16384,12.985111951828003,12.992480039596558,0.9994328959716621,0.5625,"[16, 16]","[2048, 2048]","[56, 56]",1.0
64,128,16384,25.980736255645752,26.027544498443604,0.9982015882135693,1.125,"[32, 32]","[4096, 4096]","[111, 111]",1.0
2,128,32768,1.6763359904289246,1.704863965511322,0.9832667147294409,0.0703125,"[1, 1]","[128, 128]","[4, 4]",1.0
4,128,32768,3.166711986064911,3.1708240509033203,0.9987031557814638,0.140625,"[2, 2]","[256, 256]","[7, 7]",1.0
8,128,32768,6.35699200630188,6.371296167373657,0.9977549056430579,0.28125,"[4, 4]","[512, 512]","[14, 14]",1.0
16,128,32768,12.571680068969727,12.7674880027771,0.9846635505931329,0.5625,"[8, 8]","[1024, 1024]","[28, 28]",1.0
32,128,32768,25.197680473327637,25.55851173400879,0.9858821489906621,1.125,"[16, 16]","[2048, 2048]","[56, 56]",1.0
64,128,32768,50.422311782836914,51.43939971923828,0.980227453237154,2.25,"[32, 32]","[4096, 4096]","[111, 111]",1.0
2,128,65536,3.301815986633301,3.352560043334961,0.9848640871317006,0.140625,"[1, 1]","[128, 128]","[4, 4]",1.0
4,128,65536,6.260735988616943,6.3259758949279785,0.9896869815195877,0.28125,"[2, 2]","[256, 256]","[7, 7]",1.0
8,128,65536,12.513311862945557,12.665879964828491,0.9879544017228494,0.5625,"[4, 4]","[512, 512]","[14, 14]",1.0
16,128,65536,25.04799222946167,25.507071495056152,0.9820018826667944,1.125,"[8, 8]","[1024, 1024]","[28, 28]",1.0
32,128,65536,50.106903076171875,51.277567863464355,0.9771700407006513,2.25,"[16, 16]","[2048, 2048]","[56, 56]",1.0
64,128,65536,98.74434661865234,101.12504577636719,0.9764578681825308,4.5,"[32, 32]","[4096, 4096]","[111, 111]",1.0
2,128,131072,6.617200136184692,6.618584036827087,0.999790906841298,0.28125,"[1, 1]","[128, 128]","[4, 4]",1.0
4,128,131072,12.45901608467102,12.599344253540039,0.9888622640952452,0.5625,"[2, 2]","[256, 256]","[7, 7]",1.0
8,128,131072,24.824935913085938,25.23134422302246,0.9838927206436471,1.125,"[4, 4]","[512, 512]","[14, 14]",1.0
16,128,131072,49.93918418884277,50.6370153427124,0.9862189517066381,2.25,"[8, 8]","[1024, 1024]","[28, 28]",1.0
32,128,131072,99.84844779968262,101.10003852844238,0.9876202744630245,4.5,"[16, 16]","[2048, 2048]","[56, 56]",1.0
64,128,131072,199.91286849975586,200.8093490600586,0.9955356632323199,9.0,"[32, 32]","[4096, 4096]","[111, 111]",1.0
2,128,262144,13.173759698867798,13.327455997467041,0.9884676941624527,0.5625,"[1, 1]","[128, 128]","[4, 4]",1.0
4,128,262144,24.692528247833252,24.929200172424316,0.9905062367442955,1.125,"[2, 2]","[256, 256]","[7, 7]",1.0
8,128,262144,49.6463041305542,50.33608818054199,0.9862964311506742,2.25,"[4, 4]","[512, 512]","[14, 14]",1.0
16,128,262144,99.51082420349121,100.15843200683594,0.9935341659172487,4.5,"[8, 8]","[1024, 1024]","[28, 28]",1.0
32,128,262144,199.9956512451172,200.5606918334961,0.997182695256915,9.0,"[16, 16]","[2048, 2048]","[56, 56]",1.0
64,128,262144,399.69525146484375,399.8120422363281,0.9997078858084636,18.0,"[32, 32]","[4096, 4096]","[111, 111]",1.0
2,128,524288,26.370704650878906,26.730671882629395,0.9865335509211645,1.125,"[1, 1]","[128, 128]","[4, 4]",1.0
4,128,524288,49.035264015197754,49.548720359802246,0.9896373439944365,2.25,"[2, 2]","[256, 256]","[7, 7]",1.0
8,128,524288,98.72872161865234,99.98923301696777,0.9873935286802178,4.5,"[4, 4]","[512, 512]","[14, 14]",1.0
16,128,524288,200.05865478515625,200.09064483642578,0.9998401222041357,9.0,"[8, 8]","[1024, 1024]","[28, 28]",1.0
32,128,524288,404.26597595214844,400.1232147216797,1.0103537137512764,18.0,"[16, 16]","[2048, 2048]","[56, 56]",1.0
64,128,524288,815.5928955078125,795.7200927734375,1.0249746147104435,36.0,"[32, 32]","[4096, 4096]","[111, 111]",1.0
2,128,1008576,51.074119567871094,51.86192798614502,0.9848095038332476,2.1641693115234375,"[1, 1]","[128, 128]","[4, 4]",1.0
4,128,1008576,94.93054580688477,96.03783988952637,0.9884702312763871,4.328338623046875,"[2, 2]","[256, 256]","[7, 7]",1.0
8,128,1008576,190.46500778198242,192.07282257080078,0.9916291395768618,8.65667724609375,"[4, 4]","[512, 512]","[14, 14]",1.0
16,128,1008576,385.39852142333984,383.56424713134766,1.0047821826609509,17.3133544921875,"[8, 8]","[1024, 1024]","[28, 28]",1.0
32,128,1008576,782.6132965087891,768.8150939941406,1.0179473616249703,34.626708984375,"[16, 16]","[2048, 2048]","[56, 56]",1.0
64,128,1008576,1585.0895385742188,1529.1195373535156,1.0366027637823343,69.25341796875,"[32, 32]","[4096, 4096]","[111, 111]",1.0
